2026-08-20T00:15:15.018+05:30  WARN 23076 --- [Kunash-CRM] [HikariPool-1:housekeeper] com.zaxxer.hikari.pool.HikariPool        : HikariPool-1 - Thread starvation or clock leap detected (housekeeper delta=1m7s592ms29µs).
2026-08-20T00:15:15.987+05:30  INFO 23076 --- [Kunash-CRM] [SpringApplicationShutdownHook] o.s.boot.tomcat.GracefulShutdown         : Commencing graceful shutdown. Waiting for active requests to complete
2026-08-20T00:15:16.001+05:30  INFO 23076 --- [Kunash-CRM] [tomcat-shutdown] o.s.boot.tomcat.GracefulShutdown         : Graceful shutdown complete
2026-08-20T00:15:16.020+05:30  INFO 23076 --- [Kunash-CRM] [SpringApplicationShutdownHook] j.LocalContainerEntityManagerFactoryBean : Closing JPA EntityManagerFactory for persistence unit 'default'
2026-08-20T00:15:16.037+05:30  INFO 23076 --- [Kunash-CRM] [SpringApplicationShutdownHook] com.zaxxer.hikari.HikariDataSource       : HikariPool-1 - Shutdown initiated...
2026-08-20T00:15:16.045+05:30  INFO 23076 --- [Kunash-CRM] [SpringApplicationShutdownHook] com.zaxxer.hikari.HikariDataSource       : HikariPool-1 - Shutdown completed.
2026-08-20T11:34:13.965+05:30  INFO 20828 --- [Kunash-CRM] [restartedMain] com.crm.KunashCrmApplication             : Starting KunashCrmApplication using Java 24.0.2 with PID 20828 (C:\Kunash-CRM\kunash_crm_backend_v1_0\target\classes started by admim in C:\Kunash-CRM\kunash_crm_backend_v1_0)
2026-08-20T11:34:13.969+05:30  INFO 20828 --- [Kunash-CRM] [restartedMain] com.crm.KunashCrmApplication             : No active profile set, falling back to 1 default profile: "default"
2026-08-20T11:34:14.044+05:30  INFO 20828 --- [Kunash-CRM] [restartedMain] o.s.b.devtools.restart.ChangeableUrls    : The Class-Path manifest attribute in C:\Users\admim\.m2\repository\io\github\cdimascio\java-dotenv\5.2.2\java-dotenv-5.2.2.jar referenced one or more files that do not exist: file:/C:/Users/admim/.m2/repository/io/github/cdimascio/java-dotenv/5.2.2/kotlin-stdlib-1.4.0.jar,file:/C:/Users/admim/.m2/repository/io/github/cdimascio/java-dotenv/5.2.2/kotlin-stdlib-common-1.4.0.jar,file:/C:/Users/admim/.m2/repository/io/github/cdimascio/java-dotenv/5.2.2/annotations-13.0.jar
2026-08-20T11:34:14.045+05:30  INFO 20828 --- [Kunash-CRM] [restartedMain] .e.DevToolsPropertyDefaultsPostProcessor : Devtools property defaults active! Set 'spring.devtools.add-properties' to 'false' to disable
2026-08-20T11:34:14.045+05:30  INFO 20828 --- [Kunash-CRM] [restartedMain] .e.DevToolsPropertyDefaultsPostProcessor : For additional web related logging consider setting the 'logging.level.web' property to 'DEBUG'
2026-08-20T11:34:16.427+05:30  INFO 20828 --- [Kunash-CRM] [restartedMain] .s.d.r.c.RepositoryConfigurationDelegate : Multiple Spring Data modules found, entering strict repository configuration mode
2026-08-20T11:34:16.429+05:30  INFO 20828 --- [Kunash-CRM] [restartedMain] .s.d.r.c.RepositoryConfigurationDelegate : Bootstrapping Spring Data JDBC repositories in DEFAULT mode.
2026-08-20T11:34:16.484+05:30  INFO 20828 --- [Kunash-CRM] [restartedMain] .RepositoryConfigurationExtensionSupport : Spring Data JDBC - Could not safely identify store assignment for repository candidate interface com.crm.repository.AdminRepository; If you want this repository to be a JDBC repository, consider annotating your entities with one of these annotations: org.springframework.data.relational.core.mapping.Table.
2026-08-20T11:34:16.486+05:30  INFO 20828 --- [Kunash-CRM] [restartedMain] .RepositoryConfigurationExtensionSupport : Spring Data JDBC - Could not safely identify store assignment for repository candidate interface com.crm.repository.ClientListRepository; If you want this repository to be a JDBC repository, consider annotating your entities with one of these annotations: org.springframework.data.relational.core.mapping.Table.
2026-08-20T11:34:16.487+05:30  INFO 20828 --- [Kunash-CRM] [restartedMain] .RepositoryConfigurationExtensionSupport : Spring Data JDBC - Could not safely identify store assignment for repository candidate interface com.crm.repository.GoogleAuthTokenRepository; If you want this repository to be a JDBC repository, consider annotating your entities with one of these annotations: org.springframework.data.relational.core.mapping.Table.
2026-08-20T11:34:16.488+05:30  INFO 20828 --- [Kunash-CRM] [restartedMain] .RepositoryConfigurationExtensionSupport : Spring Data JDBC - Could not safely identify store assignment for repository candidate interface com.crm.repository.LeadFollowupRepository; If you want this repository to be a JDBC repository, consider annotating your entities with one of these annotations: org.springframework.data.relational.core.mapping.Table.
2026-08-20T11:34:16.491+05:30  INFO 20828 --- [Kunash-CRM] [restartedMain] .RepositoryConfigurationExtensionSupport : Spring Data JDBC - Could not safely identify store assignment for repository candidate interface com.crm.repository.LeadRepository; If you want this repository to be a JDBC repository, consider annotating your entities with one of these annotations: org.springframework.data.relational.core.mapping.Table.
2026-08-20T11:34:16.493+05:30  INFO 20828 --- [Kunash-CRM] [restartedMain] .RepositoryConfigurationExtensionSupport : Spring Data JDBC - Could not safely identify store assignment for repository candidate interface com.crm.repository.NotificationRepository; If you want this repository to be a JDBC repository, consider annotating your entities with one of these annotations: org.springframework.data.relational.core.mapping.Table.
2026-08-20T11:34:16.494+05:30  INFO 20828 --- [Kunash-CRM] [restartedMain] .RepositoryConfigurationExtensionSupport : Spring Data JDBC - Could not safely identify store assignment for repository candidate interface com.crm.repository.ReasonBucketRepository; If you want this repository to be a JDBC repository, consider annotating your entities with one of these annotations: org.springframework.data.relational.core.mapping.Table.
2026-08-20T11:34:16.496+05:30  INFO 20828 --- [Kunash-CRM] [restartedMain] .RepositoryConfigurationExtensionSupport : Spring Data JDBC - Could not safely identify store assignment for repository candidate interface com.crm.repository.StaffRepository; If you want this repository to be a JDBC repository, consider annotating your entities with one of these annotations: org.springframework.data.relational.core.mapping.Table.
2026-08-20T11:34:16.498+05:30  INFO 20828 --- [Kunash-CRM] [restartedMain] .RepositoryConfigurationExtensionSupport : Spring Data JDBC - Could not safely identify store assignment for repository candidate interface com.crm.repository.UserRepository; If you want this repository to be a JDBC repository, consider annotating your entities with one of these annotations: org.springframework.data.relational.core.mapping.Table.
2026-08-20T11:34:16.499+05:30  INFO 20828 --- [Kunash-CRM] [restartedMain] .s.d.r.c.RepositoryConfigurationDelegate : Finished Spring Data repository scanning in 59 ms. Found 0 JDBC repository interfaces.
2026-08-20T11:34:16.513+05:30  INFO 20828 --- [Kunash-CRM] [restartedMain] .s.d.r.c.RepositoryConfigurationDelegate : Multiple Spring Data modules found, entering strict repository configuration mode
2026-08-20T11:34:16.514+05:30  INFO 20828 --- [Kunash-CRM] [restartedMain] .s.d.r.c.RepositoryConfigurationDelegate : Bootstrapping Spring Data JPA repositories in DEFAULT mode.
2026-08-20T11:34:16.583+05:30  INFO 20828 --- [Kunash-CRM] [restartedMain] .s.d.r.c.RepositoryConfigurationDelegate : Finished Spring Data repository scanning in 60 ms. Found 9 JPA repository interfaces.
2026-08-20T11:34:17.582+05:30  INFO 20828 --- [Kunash-CRM] [restartedMain] o.s.boot.tomcat.TomcatWebServer          : Tomcat initialized with port 9090 (http)
2026-08-20T11:34:17.606+05:30  INFO 20828 --- [Kunash-CRM] [restartedMain] o.apache.catalina.core.StandardService   : Starting service [Tomcat]
2026-08-20T11:34:17.606+05:30  INFO 20828 --- [Kunash-CRM] [restartedMain] o.apache.catalina.core.StandardEngine    : Starting Servlet engine: [Apache Tomcat/11.0.22]
2026-08-20T11:34:17.674+05:30  INFO 20828 --- [Kunash-CRM] [restartedMain] b.w.c.s.WebApplicationContextInitializer : Root WebApplicationContext: initialization completed in 3628 ms
2026-08-20T11:34:17.942+05:30  INFO 20828 --- [Kunash-CRM] [restartedMain] org.hibernate.orm.jpa                    : HHH008540: Processing PersistenceUnitInfo [name: default]
2026-08-20T11:34:18.051+05:30  INFO 20828 --- [Kunash-CRM] [restartedMain] org.hibernate.orm.core                   : HHH000001: Hibernate ORM core version 7.4.1.Final
2026-08-20T11:34:18.703+05:30  INFO 20828 --- [Kunash-CRM] [restartedMain] o.s.o.j.p.SpringPersistenceUnitInfo      : No LoadTimeWeaver setup: ignoring JPA class transformer
2026-08-20T11:34:18.744+05:30  INFO 20828 --- [Kunash-CRM] [restartedMain] com.zaxxer.hikari.HikariDataSource       : HikariPool-1 - Starting...
2026-08-20T11:34:18.969+05:30  INFO 20828 --- [Kunash-CRM] [restartedMain] com.zaxxer.hikari.pool.HikariPool        : HikariPool-1 - Added connection com.mysql.cj.jdbc.ConnectionImpl@143eb70e
2026-08-20T11:34:18.970+05:30  INFO 20828 --- [Kunash-CRM] [restartedMain] com.zaxxer.hikari.HikariDataSource       : HikariPool-1 - Start completed.
2026-08-20T11:34:19.063+05:30  INFO 20828 --- [Kunash-CRM] [restartedMain] org.hibernate.orm.connections.pooling    : HHH10001005: Database info:
	Database JDBC URL [jdbc:mysql://localhost:3306/kunash_crm_db?useSSL=false&serverTimezone=UTC&allowPublicKeyRetrieval=true&allowPublicKeyRetrieval=true]
	Database driver: MySQL Connector/J
	Database dialect: MySQLDialect
	Database version: 8.0.41
	Default catalog/schema: kunash_crm_db/undefined
	Autocommit mode: undefined/unknown
	Isolation level: REPEATABLE_READ [default REPEATABLE_READ]
	JDBC fetch size: none
	Pool: DataSourceConnectionProvider
	Minimum pool size: undefined/unknown
	Maximum pool size: undefined/unknown
2026-08-20T11:34:20.566+05:30  INFO 20828 --- [Kunash-CRM] [restartedMain] org.hibernate.orm.core                   : HHH000489: No JTA platform available (set 'hibernate.transaction.jta.platform' to enable JTA platform integration)
2026-08-20T11:34:20.714+05:30  INFO 20828 --- [Kunash-CRM] [restartedMain] j.LocalContainerEntityManagerFactoryBean : Initialized JPA EntityManagerFactory for persistence unit 'default'
2026-08-20T11:34:20.803+05:30  INFO 20828 --- [Kunash-CRM] [restartedMain] o.s.d.j.r.query.QueryEnhancerFactories   : Hibernate is in classpath; If applicable, HQL parser will be used.
2026-08-20T11:34:22.971+05:30  INFO 20828 --- [Kunash-CRM] [restartedMain] com.crm.security.SecurityConfig          : SecurityConfig bean initialized
2026-08-20T11:34:22.987+05:30  INFO 20828 --- [Kunash-CRM] [restartedMain] com.crm.security.AuthController          : AuthController initialized
2026-08-20T11:34:22.992+05:30  INFO 20828 --- [Kunash-CRM] [restartedMain] com.crm.security.UserAuthController      : UserAuthController initialized
2026-08-20T11:34:23.067+05:30  WARN 20828 --- [Kunash-CRM] [restartedMain] JpaBaseConfiguration$JpaWebConfiguration : spring.jpa.open-in-view is enabled by default. Therefore, database queries may be performed during view rendering. Explicitly configure spring.jpa.open-in-view to disable this warning
2026-08-20T11:34:23.189+05:30  INFO 20828 --- [Kunash-CRM] [restartedMain] eAuthenticationProviderManagerConfigurer : Global AuthenticationManager configured with AuthenticationProvider bean with name authenticationProvider
2026-08-20T11:34:23.191+05:30  WARN 20828 --- [Kunash-CRM] [restartedMain] r$InitializeUserDetailsManagerConfigurer : Global AuthenticationManager configured with an AuthenticationProvider bean. UserDetailsService beans will not be used by Spring Security for automatically configuring username/password login. Consider removing the AuthenticationProvider bean. Alternatively, consider using the UserDetailsService in a manually instantiated DaoAuthenticationProvider. If the current configuration is intentional, to turn off this warning, increase the logging level of 'org.springframework.security.config.annotation.authentication.configuration.InitializeUserDetailsBeanManagerConfigurer' to ERROR
2026-08-20T11:34:23.322+05:30  INFO 20828 --- [Kunash-CRM] [restartedMain] com.crm.security.SecurityConfig          : SecurityFilterChain configured successfully (OAuth2 removed)
2026-08-20T11:34:23.550+05:30 DEBUG 20828 --- [Kunash-CRM] [restartedMain] s.w.s.m.m.a.RequestMappingHandlerMapping : 74 mappings in 'requestMappingHandlerMapping'
2026-08-20T11:34:23.595+05:30 DEBUG 20828 --- [Kunash-CRM] [restartedMain] o.s.w.s.handler.SimpleUrlHandlerMapping  : Patterns [/webjars/**, /**] in 'resourceHandlerMapping'
2026-08-20T11:34:23.624+05:30 DEBUG 20828 --- [Kunash-CRM] [restartedMain] s.w.s.m.m.a.RequestMappingHandlerAdapter : ControllerAdvice beans: 0 @ModelAttribute, 0 @InitBinder, 2 RequestBodyAdvice, 1 ResponseBodyAdvice
2026-08-20T11:34:23.687+05:30 DEBUG 20828 --- [Kunash-CRM] [restartedMain] .m.m.a.ExceptionHandlerExceptionResolver : ControllerAdvice beans: 1 @ExceptionHandler, 1 ResponseBodyAdvice
2026-08-20T11:34:24.040+05:30  INFO 20828 --- [Kunash-CRM] [restartedMain] o.s.boot.tomcat.TomcatWebServer          : Tomcat started on port 9090 (http) with context path '/'
2026-08-20T11:34:24.052+05:30  INFO 20828 --- [Kunash-CRM] [restartedMain] com.crm.KunashCrmApplication             : Started KunashCrmApplication in 10.746 seconds (process running for 17.055)
2026-08-20T11:38:59.191+05:30  INFO 20828 --- [Kunash-CRM] [http-nio-9090-exec-1] o.a.c.c.C.[Tomcat].[localhost].[/]       : Initializing Spring DispatcherServlet 'dispatcherServlet'
2026-08-20T11:38:59.191+05:30  INFO 20828 --- [Kunash-CRM] [http-nio-9090-exec-1] o.s.web.servlet.DispatcherServlet        : Initializing Servlet 'dispatcherServlet'
2026-08-20T11:38:59.191+05:30 DEBUG 20828 --- [Kunash-CRM] [http-nio-9090-exec-1] o.s.web.servlet.DispatcherServlet        : Detected StandardServletMultipartResolver
2026-08-20T11:38:59.191+05:30 DEBUG 20828 --- [Kunash-CRM] [http-nio-9090-exec-1] o.s.web.servlet.DispatcherServlet        : Detected AcceptHeaderLocaleResolver
2026-08-20T11:38:59.191+05:30 DEBUG 20828 --- [Kunash-CRM] [http-nio-9090-exec-1] o.s.web.servlet.DispatcherServlet        : Detected org.springframework.web.servlet.view.DefaultRequestToViewNameTranslator@6a2a9f1d
2026-08-20T11:38:59.191+05:30 DEBUG 20828 --- [Kunash-CRM] [http-nio-9090-exec-1] o.s.web.servlet.DispatcherServlet        : Detected org.springframework.web.servlet.support.SessionFlashMapManager@66b03c29
2026-08-20T11:38:59.191+05:30 DEBUG 20828 --- [Kunash-CRM] [http-nio-9090-exec-1] o.s.web.servlet.DispatcherServlet        : enableLoggingRequestDetails='false': request parameters and headers will be masked to prevent unsafe logging of potentially sensitive data
2026-08-20T11:38:59.191+05:30  INFO 20828 --- [Kunash-CRM] [http-nio-9090-exec-1] o.s.web.servlet.DispatcherServlet        : Completed initialization in 0 ms
2026-08-20T11:38:59.249+05:30 DEBUG 20828 --- [Kunash-CRM] [http-nio-9090-exec-2] o.s.web.servlet.DispatcherServlet        : POST "/api/admin/auth/login", parameters={}
2026-08-20T11:38:59.257+05:30 DEBUG 20828 --- [Kunash-CRM] [http-nio-9090-exec-2] s.w.s.m.m.a.RequestMappingHandlerMapping : Mapped to com.crm.security.AuthController#login(Map, HttpServletResponse)
2026-08-20T11:38:59.317+05:30 DEBUG 20828 --- [Kunash-CRM] [http-nio-9090-exec-2] m.m.a.RequestResponseBodyMethodProcessor : Read "application/json;charset=UTF-8" to [{mobile=8317289305, password=123456}]
2026-08-20T11:38:59.326+05:30  INFO 20828 --- [Kunash-CRM] [http-nio-9090-exec-2] com.crm.security.AuthController          : Login attempt for mobile: 8317289305
2026-08-20T11:38:59.750+05:30  INFO 20828 --- [Kunash-CRM] [http-nio-9090-exec-2] com.crm.security.JwtUtil                 : Generated access token for user: 8317289305 | expires at Fri Aug 21 11:38:59 IST 2026
2026-08-20T11:38:59.757+05:30  INFO 20828 --- [Kunash-CRM] [http-nio-9090-exec-2] com.crm.security.JwtUtil                 : Generated refresh token for user: 8317289305 | expires at Thu Aug 27 11:38:59 IST 2026
2026-08-20T11:38:59.757+05:30  INFO 20828 --- [Kunash-CRM] [http-nio-9090-exec-2] com.crm.security.AuthController          : Login successful for mobile: 8317289305 | Cookies set (secure=false)
2026-08-20T11:38:59.779+05:30 DEBUG 20828 --- [Kunash-CRM] [http-nio-9090-exec-2] o.s.w.s.m.m.a.HttpEntityMethodProcessor  : Using 'application/json', given [application/json, text/plain, */*] and supported [application/json, application/*+json]
2026-08-20T11:38:59.781+05:30 DEBUG 20828 --- [Kunash-CRM] [http-nio-9090-exec-2] o.s.w.s.m.m.a.HttpEntityMethodProcessor  : Writing [{adminId=ADM8719, mobile=8317289305, message=Login successful, role=SUPER_ADMIN}]
2026-08-20T11:38:59.824+05:30 DEBUG 20828 --- [Kunash-CRM] [http-nio-9090-exec-2] o.s.web.servlet.DispatcherServlet        : Completed 200 OK
2026-08-20T11:38:59.993+05:30 DEBUG 20828 --- [Kunash-CRM] [http-nio-9090-exec-3] o.s.web.servlet.DispatcherServlet        : GET "/api/stat/v1/lead-stats", parameters={}
2026-08-20T11:38:59.993+05:30 DEBUG 20828 --- [Kunash-CRM] [http-nio-9090-exec-4] o.s.web.servlet.DispatcherServlet        : GET "/api/lead/v1/all-leads?page=0&size=200", parameters={masked}
2026-08-20T11:38:59.994+05:30 DEBUG 20828 --- [Kunash-CRM] [http-nio-9090-exec-5] o.s.web.servlet.DispatcherServlet        : GET "/api/v1/staff/dropdown", parameters={}
2026-08-20T11:38:59.994+05:30 DEBUG 20828 --- [Kunash-CRM] [http-nio-9090-exec-3] s.w.s.m.m.a.RequestMappingHandlerMapping : Mapped to com.crm.controller.StatCardController#getLeadStats()
2026-08-20T11:38:59.994+05:30 DEBUG 20828 --- [Kunash-CRM] [http-nio-9090-exec-4] s.w.s.m.m.a.RequestMappingHandlerMapping : Mapped to com.crm.controller.LeadController#getAllLeads(int, int)
2026-08-20T11:38:59.995+05:30 DEBUG 20828 --- [Kunash-CRM] [http-nio-9090-exec-5] s.w.s.m.m.a.RequestMappingHandlerMapping : Mapped to com.crm.controller.StaffController#getStaffDropdownList()
2026-08-20T11:38:59.994+05:30 DEBUG 20828 --- [Kunash-CRM] [http-nio-9090-exec-6] o.s.web.servlet.DispatcherServlet        : GET "/api/lead/v1/monthly-count?monthsBack=6", parameters={masked}
2026-08-20T11:38:59.995+05:30 DEBUG 20828 --- [Kunash-CRM] [http-nio-9090-exec-6] s.w.s.m.m.a.RequestMappingHandlerMapping : Mapped to com.crm.controller.LeadController#getMonthlyLeadCounts(int)
2026-08-20T11:38:59.995+05:30  INFO 20828 --- [Kunash-CRM] [http-nio-9090-exec-3] com.crm.controller.StatCardController    : GET /api/stat/v1/lead-stats — fetch dashboard stat card counts
2026-08-20T11:38:59.996+05:30  INFO 20828 --- [Kunash-CRM] [http-nio-9090-exec-3] c.c.s.serviceImple.StatCardServiceImple  : Fetching lead stat card counts
2026-08-20T11:38:59.999+05:30  INFO 20828 --- [Kunash-CRM] [http-nio-9090-exec-5] com.crm.controller.StaffController       : GET /api/v1/staff/dropdown — request received
2026-08-20T11:39:00.038+05:30 DEBUG 20828 --- [Kunash-CRM] [http-nio-9090-exec-6] o.s.w.s.m.m.a.HttpEntityMethodProcessor  : Using 'application/json', given [*/*] and supported [application/json, application/*+json]
2026-08-20T11:39:00.040+05:30 DEBUG 20828 --- [Kunash-CRM] [http-nio-9090-exec-6] o.s.w.s.m.m.a.HttpEntityMethodProcessor  : Writing [[com.crm.dto.stats.MonthlyLeadCountDto@7257ab98, com.crm.dto.stats.MonthlyLeadCountDto@20ced528, com (truncated)...]
2026-08-20T11:39:00.052+05:30  INFO 20828 --- [Kunash-CRM] [http-nio-9090-exec-3] c.c.s.serviceImple.StatCardServiceImple  : Lead stats — total=15, todayFollowups=0, totalFollowups=11, won=3, lost=1
2026-08-20T11:39:00.054+05:30 DEBUG 20828 --- [Kunash-CRM] [http-nio-9090-exec-3] o.s.w.s.m.m.a.HttpEntityMethodProcessor  : Using 'application/json', given [*/*] and supported [application/json, application/*+json]
2026-08-20T11:39:00.056+05:30 DEBUG 20828 --- [Kunash-CRM] [http-nio-9090-exec-3] o.s.w.s.m.m.a.HttpEntityMethodProcessor  : Writing [com.crm.dto.stats.LeadStatsResponse@7dbe09e6]
2026-08-20T11:39:00.109+05:30  INFO 20828 --- [Kunash-CRM] [http-nio-9090-exec-5] com.crm.controller.StaffController       : GET /api/v1/staff/dropdown — completed, count=1
2026-08-20T11:39:00.112+05:30 DEBUG 20828 --- [Kunash-CRM] [http-nio-9090-exec-5] o.s.w.s.m.m.a.HttpEntityMethodProcessor  : Using 'application/json', given [*/*] and supported [application/json, application/*+json]
2026-08-20T11:39:00.112+05:30 DEBUG 20828 --- [Kunash-CRM] [http-nio-9090-exec-5] o.s.w.s.m.m.a.HttpEntityMethodProcessor  : Writing [[com.crm.dto.response.StaffDropdownDto@6c998dc1]]
2026-08-20T11:39:00.110+05:30 DEBUG 20828 --- [Kunash-CRM] [http-nio-9090-exec-3] o.s.web.servlet.DispatcherServlet        : Completed 200 OK
2026-08-20T11:39:00.120+05:30 DEBUG 20828 --- [Kunash-CRM] [http-nio-9090-exec-10] o.s.web.servlet.DispatcherServlet        : GET "/api/stat/v1/lead-stats", parameters={}
2026-08-20T11:39:00.113+05:30 DEBUG 20828 --- [Kunash-CRM] [http-nio-9090-exec-6] o.s.web.servlet.DispatcherServlet        : Completed 200 OK
2026-08-20T11:39:00.130+05:30 DEBUG 20828 --- [Kunash-CRM] [http-nio-9090-exec-10] s.w.s.m.m.a.RequestMappingHandlerMapping : Mapped to com.crm.controller.StatCardController#getLeadStats()
2026-08-20T11:39:00.131+05:30  INFO 20828 --- [Kunash-CRM] [http-nio-9090-exec-10] com.crm.controller.StatCardController    : GET /api/stat/v1/lead-stats — fetch dashboard stat card counts
2026-08-20T11:39:00.131+05:30  INFO 20828 --- [Kunash-CRM] [http-nio-9090-exec-10] c.c.s.serviceImple.StatCardServiceImple  : Fetching lead stat card counts
2026-08-20T11:39:00.132+05:30 DEBUG 20828 --- [Kunash-CRM] [http-nio-9090-exec-8] o.s.web.servlet.DispatcherServlet        : GET "/api/lead/v1/monthly-count?monthsBack=6", parameters={masked}
2026-08-20T11:39:00.135+05:30 DEBUG 20828 --- [Kunash-CRM] [http-nio-9090-exec-5] o.s.web.servlet.DispatcherServlet        : Completed 200 OK
2026-08-20T11:39:00.142+05:30 DEBUG 20828 --- [Kunash-CRM] [http-nio-9090-exec-8] s.w.s.m.m.a.RequestMappingHandlerMapping : Mapped to com.crm.controller.LeadController#getMonthlyLeadCounts(int)
2026-08-20T11:39:00.150+05:30  INFO 20828 --- [Kunash-CRM] [http-nio-9090-exec-10] c.c.s.serviceImple.StatCardServiceImple  : Lead stats — total=15, todayFollowups=0, totalFollowups=11, won=3, lost=1
2026-08-20T11:39:00.150+05:30 DEBUG 20828 --- [Kunash-CRM] [http-nio-9090-exec-10] o.s.w.s.m.m.a.HttpEntityMethodProcessor  : Using 'application/json', given [*/*] and supported [application/json, application/*+json]
2026-08-20T11:39:00.150+05:30 DEBUG 20828 --- [Kunash-CRM] [http-nio-9090-exec-10] o.s.w.s.m.m.a.HttpEntityMethodProcessor  : Writing [com.crm.dto.stats.LeadStatsResponse@2dc126db]
2026-08-20T11:39:00.152+05:30 DEBUG 20828 --- [Kunash-CRM] [http-nio-9090-exec-10] o.s.web.servlet.DispatcherServlet        : Completed 200 OK
2026-08-20T11:39:00.161+05:30 DEBUG 20828 --- [Kunash-CRM] [http-nio-9090-exec-5] o.s.web.servlet.DispatcherServlet        : GET "/api/v1/staff/dropdown", parameters={}
2026-08-20T11:39:00.167+05:30 DEBUG 20828 --- [Kunash-CRM] [http-nio-9090-exec-5] s.w.s.m.m.a.RequestMappingHandlerMapping : Mapped to com.crm.controller.StaffController#getStaffDropdownList()
2026-08-20T11:39:00.169+05:30 DEBUG 20828 --- [Kunash-CRM] [http-nio-9090-exec-8] o.s.w.s.m.m.a.HttpEntityMethodProcessor  : Using 'application/json', given [*/*] and supported [application/json, application/*+json]
2026-08-20T11:39:00.171+05:30 DEBUG 20828 --- [Kunash-CRM] [http-nio-9090-exec-8] o.s.w.s.m.m.a.HttpEntityMethodProcessor  : Writing [[com.crm.dto.stats.MonthlyLeadCountDto@64788e35, com.crm.dto.stats.MonthlyLeadCountDto@60471662, com (truncated)...]
2026-08-20T11:39:00.175+05:30  INFO 20828 --- [Kunash-CRM] [http-nio-9090-exec-5] com.crm.controller.StaffController       : GET /api/v1/staff/dropdown — request received
2026-08-20T11:39:00.183+05:30 DEBUG 20828 --- [Kunash-CRM] [http-nio-9090-exec-8] o.s.web.servlet.DispatcherServlet        : Completed 200 OK
2026-08-20T11:39:00.184+05:30  INFO 20828 --- [Kunash-CRM] [http-nio-9090-exec-5] com.crm.controller.StaffController       : GET /api/v1/staff/dropdown — completed, count=1
2026-08-20T11:39:00.185+05:30 DEBUG 20828 --- [Kunash-CRM] [http-nio-9090-exec-5] o.s.w.s.m.m.a.HttpEntityMethodProcessor  : Using 'application/json', given [*/*] and supported [application/json, application/*+json]
2026-08-20T11:39:00.186+05:30 DEBUG 20828 --- [Kunash-CRM] [http-nio-9090-exec-5] o.s.w.s.m.m.a.HttpEntityMethodProcessor  : Writing [[com.crm.dto.response.StaffDropdownDto@77c610a1]]
2026-08-20T11:39:00.188+05:30 DEBUG 20828 --- [Kunash-CRM] [http-nio-9090-exec-5] o.s.web.servlet.DispatcherServlet        : Completed 200 OK
2026-08-20T11:39:00.377+05:30 DEBUG 20828 --- [Kunash-CRM] [http-nio-9090-exec-4] o.s.w.s.m.m.a.HttpEntityMethodProcessor  : Using 'application/json', given [*/*] and supported [application/json, application/*+json]
2026-08-20T11:39:00.378+05:30 DEBUG 20828 --- [Kunash-CRM] [http-nio-9090-exec-4] o.s.w.s.m.m.a.HttpEntityMethodProcessor  : Writing [Page 1 of 1 containing com.crm.dto.response.LeadResponseDto instances]
2026-08-20T11:39:00.432+05:30 DEBUG 20828 --- [Kunash-CRM] [http-nio-9090-exec-4] o.s.web.servlet.DispatcherServlet        : Completed 200 OK
2026-08-20T11:39:00.434+05:30 DEBUG 20828 --- [Kunash-CRM] [http-nio-9090-exec-9] o.s.web.servlet.DispatcherServlet        : GET "/api/lead/v1/all-leads?page=0&size=200", parameters={masked}
2026-08-20T11:39:00.435+05:30 DEBUG 20828 --- [Kunash-CRM] [http-nio-9090-exec-9] s.w.s.m.m.a.RequestMappingHandlerMapping : Mapped to com.crm.controller.LeadController#getAllLeads(int, int)
2026-08-20T11:39:00.506+05:30 DEBUG 20828 --- [Kunash-CRM] [http-nio-9090-exec-9] o.s.w.s.m.m.a.HttpEntityMethodProcessor  : Using 'application/json', given [*/*] and supported [application/json, application/*+json]
2026-08-20T11:39:00.507+05:30 DEBUG 20828 --- [Kunash-CRM] [http-nio-9090-exec-9] o.s.w.s.m.m.a.HttpEntityMethodProcessor  : Writing [Page 1 of 1 containing com.crm.dto.response.LeadResponseDto instances]
2026-08-20T11:39:00.511+05:30 DEBUG 20828 --- [Kunash-CRM] [http-nio-9090-exec-9] o.s.web.servlet.DispatcherServlet        : Completed 200 OK
2026-08-20T11:39:05.284+05:30 DEBUG 20828 --- [Kunash-CRM] [http-nio-9090-exec-7] o.s.web.servlet.DispatcherServlet        : GET "/api/v1/staff/dropdown", parameters={}
2026-08-20T11:39:05.285+05:30 DEBUG 20828 --- [Kunash-CRM] [http-nio-9090-exec-7] s.w.s.m.m.a.RequestMappingHandlerMapping : Mapped to com.crm.controller.StaffController#getStaffDropdownList()
2026-08-20T11:39:05.285+05:30  INFO 20828 --- [Kunash-CRM] [http-nio-9090-exec-7] com.crm.controller.StaffController       : GET /api/v1/staff/dropdown — request received
2026-08-20T11:39:05.289+05:30  INFO 20828 --- [Kunash-CRM] [http-nio-9090-exec-7] com.crm.controller.StaffController       : GET /api/v1/staff/dropdown — completed, count=1
2026-08-20T11:39:05.289+05:30 DEBUG 20828 --- [Kunash-CRM] [http-nio-9090-exec-7] o.s.w.s.m.m.a.HttpEntityMethodProcessor  : Using 'application/json', given [*/*] and supported [application/json, application/*+json]
2026-08-20T11:39:05.289+05:30 DEBUG 20828 --- [Kunash-CRM] [http-nio-9090-exec-7] o.s.w.s.m.m.a.HttpEntityMethodProcessor  : Writing [[com.crm.dto.response.StaffDropdownDto@1fbdeb6a]]
2026-08-20T11:39:05.291+05:30 DEBUG 20828 --- [Kunash-CRM] [http-nio-9090-exec-7] o.s.web.servlet.DispatcherServlet        : Completed 200 OK
2026-08-20T11:39:05.294+05:30 DEBUG 20828 --- [Kunash-CRM] [http-nio-9090-exec-1] o.s.web.servlet.DispatcherServlet        : GET "/api/v1/staff/dropdown", parameters={}
2026-08-20T11:39:05.294+05:30 DEBUG 20828 --- [Kunash-CRM] [http-nio-9090-exec-1] s.w.s.m.m.a.RequestMappingHandlerMapping : Mapped to com.crm.controller.StaffController#getStaffDropdownList()
2026-08-20T11:39:05.295+05:30  INFO 20828 --- [Kunash-CRM] [http-nio-9090-exec-1] com.crm.controller.StaffController       : GET /api/v1/staff/dropdown — request received
2026-08-20T11:39:05.298+05:30  INFO 20828 --- [Kunash-CRM] [http-nio-9090-exec-1] com.crm.controller.StaffController       : GET /api/v1/staff/dropdown — completed, count=1
2026-08-20T11:39:05.299+05:30 DEBUG 20828 --- [Kunash-CRM] [http-nio-9090-exec-1] o.s.w.s.m.m.a.HttpEntityMethodProcessor  : Using 'application/json', given [*/*] and supported [application/json, application/*+json]
2026-08-20T11:39:05.299+05:30 DEBUG 20828 --- [Kunash-CRM] [http-nio-9090-exec-1] o.s.w.s.m.m.a.HttpEntityMethodProcessor  : Writing [[com.crm.dto.response.StaffDropdownDto@4b254f99]]
2026-08-20T11:39:05.301+05:30 DEBUG 20828 --- [Kunash-CRM] [http-nio-9090-exec-1] o.s.web.servlet.DispatcherServlet        : Completed 200 OK
2026-08-20T11:39:06.619+05:30 DEBUG 20828 --- [Kunash-CRM] [http-nio-9090-exec-2] o.s.web.servlet.DispatcherServlet        : GET "/api/client/v1/all-clients?page=0&size=200", parameters={masked}
2026-08-20T11:39:06.621+05:30 DEBUG 20828 --- [Kunash-CRM] [http-nio-9090-exec-2] s.w.s.m.m.a.RequestMappingHandlerMapping : Mapped to com.crm.controller.ClientListController#getAllClients(int, int)
2026-08-20T11:39:06.623+05:30  INFO 20828 --- [Kunash-CRM] [http-nio-9090-exec-2] c.crm.controller.ClientListController    : GET /api/client/v1/all-clients — page=0, size=200
2026-08-20T11:39:06.624+05:30  INFO 20828 --- [Kunash-CRM] [http-nio-9090-exec-2] c.c.s.s.ClientListServiceImple           : Fetching clients — page=0, size=200
2026-08-20T11:39:06.625+05:30 DEBUG 20828 --- [Kunash-CRM] [http-nio-9090-exec-3] o.s.web.servlet.DispatcherServlet        : GET "/api/client/v1/stats", parameters={}
2026-08-20T11:39:06.625+05:30 DEBUG 20828 --- [Kunash-CRM] [http-nio-9090-exec-3] s.w.s.m.m.a.RequestMappingHandlerMapping : Mapped to com.crm.controller.ClientListController#getClientStats()
2026-08-20T11:39:06.626+05:30  INFO 20828 --- [Kunash-CRM] [http-nio-9090-exec-3] c.crm.controller.ClientListController    : GET /api/client/v1/stats — fetch stat counts
2026-08-20T11:39:06.627+05:30  INFO 20828 --- [Kunash-CRM] [http-nio-9090-exec-3] c.c.s.s.ClientListServiceImple           : Fetching client stat counts
2026-08-20T11:39:06.658+05:30 DEBUG 20828 --- [Kunash-CRM] [http-nio-9090-exec-2] o.s.w.s.m.m.a.HttpEntityMethodProcessor  : Using 'application/json', given [*/*] and supported [application/json, application/*+json]
2026-08-20T11:39:06.658+05:30 DEBUG 20828 --- [Kunash-CRM] [http-nio-9090-exec-2] o.s.w.s.m.m.a.HttpEntityMethodProcessor  : Writing [Page 1 of 1 containing com.crm.dto.response.ClientCreatedResponse instances]
2026-08-20T11:39:06.660+05:30 DEBUG 20828 --- [Kunash-CRM] [http-nio-9090-exec-3] o.s.w.s.m.m.a.HttpEntityMethodProcessor  : Using 'application/json', given [*/*] and supported [application/json, application/*+json]
2026-08-20T11:39:06.660+05:30 DEBUG 20828 --- [Kunash-CRM] [http-nio-9090-exec-3] o.s.w.s.m.m.a.HttpEntityMethodProcessor  : Writing [com.crm.dto.stats.ClientStatsResponse@353a30f9]
2026-08-20T11:39:06.660+05:30 DEBUG 20828 --- [Kunash-CRM] [http-nio-9090-exec-3] o.s.web.servlet.DispatcherServlet        : Completed 200 OK
2026-08-20T11:39:06.660+05:30 DEBUG 20828 --- [Kunash-CRM] [http-nio-9090-exec-2] o.s.web.servlet.DispatcherServlet        : Completed 200 OK
2026-08-20T11:39:06.660+05:30 DEBUG 20828 --- [Kunash-CRM] [http-nio-9090-exec-10] o.s.web.servlet.DispatcherServlet        : GET "/api/client/v1/stats", parameters={}
2026-08-20T11:39:06.669+05:30 DEBUG 20828 --- [Kunash-CRM] [http-nio-9090-exec-6] o.s.web.servlet.DispatcherServlet        : GET "/api/client/v1/all-clients?page=0&size=200", parameters={masked}
2026-08-20T11:39:06.669+05:30 DEBUG 20828 --- [Kunash-CRM] [http-nio-9090-exec-10] s.w.s.m.m.a.RequestMappingHandlerMapping : Mapped to com.crm.controller.ClientListController#getClientStats()
2026-08-20T11:39:06.669+05:30 DEBUG 20828 --- [Kunash-CRM] [http-nio-9090-exec-6] s.w.s.m.m.a.RequestMappingHandlerMapping : Mapped to com.crm.controller.ClientListController#getAllClients(int, int)
2026-08-20T11:39:06.669+05:30  INFO 20828 --- [Kunash-CRM] [http-nio-9090-exec-10] c.crm.controller.ClientListController    : GET /api/client/v1/stats — fetch stat counts
2026-08-20T11:39:06.669+05:30  INFO 20828 --- [Kunash-CRM] [http-nio-9090-exec-10] c.c.s.s.ClientListServiceImple           : Fetching client stat counts
2026-08-20T11:39:06.669+05:30  INFO 20828 --- [Kunash-CRM] [http-nio-9090-exec-6] c.crm.controller.ClientListController    : GET /api/client/v1/all-clients — page=0, size=200
2026-08-20T11:39:06.669+05:30  INFO 20828 --- [Kunash-CRM] [http-nio-9090-exec-6] c.c.s.s.ClientListServiceImple           : Fetching clients — page=0, size=200
2026-08-20T11:39:06.677+05:30 DEBUG 20828 --- [Kunash-CRM] [http-nio-9090-exec-6] o.s.w.s.m.m.a.HttpEntityMethodProcessor  : Using 'application/json', given [*/*] and supported [application/json, application/*+json]
2026-08-20T11:39:06.677+05:30 DEBUG 20828 --- [Kunash-CRM] [http-nio-9090-exec-6] o.s.w.s.m.m.a.HttpEntityMethodProcessor  : Writing [Page 1 of 1 containing com.crm.dto.response.ClientCreatedResponse instances]
2026-08-20T11:39:06.677+05:30 DEBUG 20828 --- [Kunash-CRM] [http-nio-9090-exec-10] o.s.w.s.m.m.a.HttpEntityMethodProcessor  : Using 'application/json', given [*/*] and supported [application/json, application/*+json]
2026-08-20T11:39:06.677+05:30 DEBUG 20828 --- [Kunash-CRM] [http-nio-9090-exec-10] o.s.w.s.m.m.a.HttpEntityMethodProcessor  : Writing [com.crm.dto.stats.ClientStatsResponse@455d5ecf]
2026-08-20T11:39:06.679+05:30 DEBUG 20828 --- [Kunash-CRM] [http-nio-9090-exec-10] o.s.web.servlet.DispatcherServlet        : Completed 200 OK
2026-08-20T11:39:06.679+05:30 DEBUG 20828 --- [Kunash-CRM] [http-nio-9090-exec-6] o.s.web.servlet.DispatcherServlet        : Completed 200 OK
2026-08-20T11:39:08.938+05:30 DEBUG 20828 --- [Kunash-CRM] [http-nio-9090-exec-8] o.s.web.servlet.DispatcherServlet        : GET "/api/v1/staff?page=0&size=20", parameters={masked}
2026-08-20T11:39:08.939+05:30 DEBUG 20828 --- [Kunash-CRM] [http-nio-9090-exec-8] s.w.s.m.m.a.RequestMappingHandlerMapping : Mapped to com.crm.controller.StaffController#getAllStaff(int, int)
2026-08-20T11:39:08.941+05:30 DEBUG 20828 --- [Kunash-CRM] [http-nio-9090-exec-5] o.s.web.servlet.DispatcherServlet        : GET "/api/v1/staff/stats", parameters={}
2026-08-20T11:39:08.942+05:30 DEBUG 20828 --- [Kunash-CRM] [http-nio-9090-exec-5] s.w.s.m.m.a.RequestMappingHandlerMapping : Mapped to com.crm.controller.StaffController#getStaffStats()
2026-08-20T11:39:08.943+05:30  INFO 20828 --- [Kunash-CRM] [http-nio-9090-exec-8] com.crm.controller.StaffController       : GET /api/v1/staff — request received, page=0, size=20
2026-08-20T11:39:08.944+05:30  INFO 20828 --- [Kunash-CRM] [http-nio-9090-exec-8] c.c.s.serviceImple.StaffServiceImple     : Fetching staff list — page=0, size=20
2026-08-20T11:39:08.944+05:30  INFO 20828 --- [Kunash-CRM] [http-nio-9090-exec-5] com.crm.controller.StaffController       : GET /api/v1/staff/stats — request received
2026-08-20T11:39:08.945+05:30  INFO 20828 --- [Kunash-CRM] [http-nio-9090-exec-8] c.c.s.serviceImple.StaffServiceImple     : Fetched 1 staff records out of 1 total
2026-08-20T11:39:08.945+05:30  INFO 20828 --- [Kunash-CRM] [http-nio-9090-exec-8] com.crm.controller.StaffController       : GET /api/v1/staff — completed, returned=1 of total=1
2026-08-20T11:39:08.945+05:30 DEBUG 20828 --- [Kunash-CRM] [http-nio-9090-exec-8] o.s.w.s.m.m.a.HttpEntityMethodProcessor  : Using 'application/json', given [*/*] and supported [application/json, application/*+json]
2026-08-20T11:39:08.945+05:30 DEBUG 20828 --- [Kunash-CRM] [http-nio-9090-exec-8] o.s.w.s.m.m.a.HttpEntityMethodProcessor  : Writing [com.crm.dto.response.PagedResponse@45d88871]
2026-08-20T11:39:08.961+05:30 DEBUG 20828 --- [Kunash-CRM] [http-nio-9090-exec-8] o.s.web.servlet.DispatcherServlet        : Completed 200 OK
2026-08-20T11:39:08.962+05:30  INFO 20828 --- [Kunash-CRM] [http-nio-9090-exec-5] com.crm.controller.StaffController       : GET /api/v1/staff/stats — completed
2026-08-20T11:39:08.963+05:30 DEBUG 20828 --- [Kunash-CRM] [http-nio-9090-exec-5] o.s.w.s.m.m.a.HttpEntityMethodProcessor  : Using 'application/json', given [*/*] and supported [application/json, application/*+json]
2026-08-20T11:39:08.963+05:30 DEBUG 20828 --- [Kunash-CRM] [http-nio-9090-exec-5] o.s.w.s.m.m.a.HttpEntityMethodProcessor  : Writing [com.crm.dto.stats.StaffStatsDto@498d3a10]
2026-08-20T11:39:08.965+05:30 DEBUG 20828 --- [Kunash-CRM] [http-nio-9090-exec-4] o.s.web.servlet.DispatcherServlet        : GET "/api/v1/staff?page=0&size=20", parameters={masked}
2026-08-20T11:39:08.965+05:30 DEBUG 20828 --- [Kunash-CRM] [http-nio-9090-exec-4] s.w.s.m.m.a.RequestMappingHandlerMapping : Mapped to com.crm.controller.StaffController#getAllStaff(int, int)
2026-08-20T11:39:08.965+05:30 DEBUG 20828 --- [Kunash-CRM] [http-nio-9090-exec-5] o.s.web.servlet.DispatcherServlet        : Completed 200 OK
2026-08-20T11:39:08.965+05:30  INFO 20828 --- [Kunash-CRM] [http-nio-9090-exec-4] com.crm.controller.StaffController       : GET /api/v1/staff — request received, page=0, size=20
2026-08-20T11:39:08.965+05:30  INFO 20828 --- [Kunash-CRM] [http-nio-9090-exec-4] c.c.s.serviceImple.StaffServiceImple     : Fetching staff list — page=0, size=20
2026-08-20T11:39:08.965+05:30 DEBUG 20828 --- [Kunash-CRM] [http-nio-9090-exec-9] o.s.web.servlet.DispatcherServlet        : GET "/api/v1/staff/stats", parameters={}
2026-08-20T11:39:08.965+05:30 DEBUG 20828 --- [Kunash-CRM] [http-nio-9090-exec-9] s.w.s.m.m.a.RequestMappingHandlerMapping : Mapped to com.crm.controller.StaffController#getStaffStats()
2026-08-20T11:39:08.970+05:30  INFO 20828 --- [Kunash-CRM] [http-nio-9090-exec-9] com.crm.controller.StaffController       : GET /api/v1/staff/stats — request received
2026-08-20T11:39:08.971+05:30  INFO 20828 --- [Kunash-CRM] [http-nio-9090-exec-4] c.c.s.serviceImple.StaffServiceImple     : Fetched 1 staff records out of 1 total
2026-08-20T11:39:08.971+05:30  INFO 20828 --- [Kunash-CRM] [http-nio-9090-exec-4] com.crm.controller.StaffController       : GET /api/v1/staff — completed, returned=1 of total=1
2026-08-20T11:39:08.973+05:30 DEBUG 20828 --- [Kunash-CRM] [http-nio-9090-exec-4] o.s.w.s.m.m.a.HttpEntityMethodProcessor  : Using 'application/json', given [*/*] and supported [application/json, application/*+json]
2026-08-20T11:39:08.973+05:30 DEBUG 20828 --- [Kunash-CRM] [http-nio-9090-exec-4] o.s.w.s.m.m.a.HttpEntityMethodProcessor  : Writing [com.crm.dto.response.PagedResponse@5a563476]
2026-08-20T11:39:08.975+05:30 DEBUG 20828 --- [Kunash-CRM] [http-nio-9090-exec-4] o.s.web.servlet.DispatcherServlet        : Completed 200 OK
2026-08-20T11:39:08.978+05:30  INFO 20828 --- [Kunash-CRM] [http-nio-9090-exec-9] com.crm.controller.StaffController       : GET /api/v1/staff/stats — completed
2026-08-20T11:39:08.978+05:30 DEBUG 20828 --- [Kunash-CRM] [http-nio-9090-exec-9] o.s.w.s.m.m.a.HttpEntityMethodProcessor  : Using 'application/json', given [*/*] and supported [application/json, application/*+json]
2026-08-20T11:39:08.978+05:30 DEBUG 20828 --- [Kunash-CRM] [http-nio-9090-exec-9] o.s.w.s.m.m.a.HttpEntityMethodProcessor  : Writing [com.crm.dto.stats.StaffStatsDto@4ab855b4]
2026-08-20T11:39:08.978+05:30 DEBUG 20828 --- [Kunash-CRM] [http-nio-9090-exec-9] o.s.web.servlet.DispatcherServlet        : Completed 200 OK
2026-08-20T11:39:12.532+05:30 DEBUG 20828 --- [Kunash-CRM] [http-nio-9090-exec-7] o.s.web.servlet.DispatcherServlet        : GET "/api/lead/v1/by-staff/1?page=0&size=50", parameters={masked}
2026-08-20T11:39:12.533+05:30 DEBUG 20828 --- [Kunash-CRM] [http-nio-9090-exec-7] s.w.s.m.m.a.RequestMappingHandlerMapping : Mapped to com.crm.controller.LeadController#getLeadsByAssignedStaff(Long, int, int)
2026-08-20T11:39:12.536+05:30  INFO 20828 --- [Kunash-CRM] [http-nio-9090-exec-7] com.crm.controller.LeadController        : GET /api/lead/v1/by-staff/1 — page=0, size=50
2026-08-20T11:39:12.537+05:30  INFO 20828 --- [Kunash-CRM] [http-nio-9090-exec-7] c.c.s.serviceImple.LeadServiceImple      : Fetching leads assigned to staffPrimeId=1, page=0, size=50
2026-08-20T11:39:12.573+05:30 DEBUG 20828 --- [Kunash-CRM] [http-nio-9090-exec-7] o.s.w.s.m.m.a.HttpEntityMethodProcessor  : Using 'application/json', given [*/*] and supported [application/json, application/*+json]
2026-08-20T11:39:12.574+05:30 DEBUG 20828 --- [Kunash-CRM] [http-nio-9090-exec-7] o.s.w.s.m.m.a.HttpEntityMethodProcessor  : Writing [Page 1 of 1 containing com.crm.dto.response.LeadResponseDto instances]
2026-08-20T11:39:12.575+05:30 DEBUG 20828 --- [Kunash-CRM] [http-nio-9090-exec-7] o.s.web.servlet.DispatcherServlet        : Completed 200 OK
2026-08-20T11:42:08.120+05:30 DEBUG 20828 --- [Kunash-CRM] [http-nio-9090-exec-5] o.s.web.servlet.DispatcherServlet        : GET "/api/v1/staff/dropdown", parameters={}
2026-08-20T11:42:08.121+05:30 DEBUG 20828 --- [Kunash-CRM] [http-nio-9090-exec-5] s.w.s.m.m.a.RequestMappingHandlerMapping : Mapped to com.crm.controller.StaffController#getStaffDropdownList()
2026-08-20T11:42:08.123+05:30  INFO 20828 --- [Kunash-CRM] [http-nio-9090-exec-5] com.crm.controller.StaffController       : GET /api/v1/staff/dropdown — request received
2026-08-20T11:42:08.135+05:30  INFO 20828 --- [Kunash-CRM] [http-nio-9090-exec-5] com.crm.controller.StaffController       : GET /api/v1/staff/dropdown — completed, count=1
2026-08-20T11:42:08.137+05:30 DEBUG 20828 --- [Kunash-CRM] [http-nio-9090-exec-5] o.s.w.s.m.m.a.HttpEntityMethodProcessor  : Using 'application/json', given [*/*] and supported [application/json, application/*+json]
2026-08-20T11:42:08.138+05:30 DEBUG 20828 --- [Kunash-CRM] [http-nio-9090-exec-5] o.s.w.s.m.m.a.HttpEntityMethodProcessor  : Writing [[com.crm.dto.response.StaffDropdownDto@393cd15b]]
2026-08-20T11:42:08.141+05:30 DEBUG 20828 --- [Kunash-CRM] [http-nio-9090-exec-5] o.s.web.servlet.DispatcherServlet        : Completed 200 OK
2026-08-20T11:42:08.148+05:30 DEBUG 20828 --- [Kunash-CRM] [http-nio-9090-exec-4] o.s.web.servlet.DispatcherServlet        : GET "/api/v1/staff/dropdown", parameters={}
2026-08-20T11:42:08.150+05:30 DEBUG 20828 --- [Kunash-CRM] [http-nio-9090-exec-4] s.w.s.m.m.a.RequestMappingHandlerMapping : Mapped to com.crm.controller.StaffController#getStaffDropdownList()
2026-08-20T11:42:08.150+05:30  INFO 20828 --- [Kunash-CRM] [http-nio-9090-exec-4] com.crm.controller.StaffController       : GET /api/v1/staff/dropdown — request received
2026-08-20T11:42:08.154+05:30  INFO 20828 --- [Kunash-CRM] [http-nio-9090-exec-4] com.crm.controller.StaffController       : GET /api/v1/staff/dropdown — completed, count=1
2026-08-20T11:42:08.155+05:30 DEBUG 20828 --- [Kunash-CRM] [http-nio-9090-exec-4] o.s.w.s.m.m.a.HttpEntityMethodProcessor  : Using 'application/json', given [*/*] and supported [application/json, application/*+json]
2026-08-20T11:42:08.156+05:30 DEBUG 20828 --- [Kunash-CRM] [http-nio-9090-exec-4] o.s.w.s.m.m.a.HttpEntityMethodProcessor  : Writing [[com.crm.dto.response.StaffDropdownDto@3f5d3e41]]
2026-08-20T11:42:08.158+05:30 DEBUG 20828 --- [Kunash-CRM] [http-nio-9090-exec-4] o.s.web.servlet.DispatcherServlet        : Completed 200 OK
2026-08-20T11:42:08.557+05:30 DEBUG 20828 --- [Kunash-CRM] [http-nio-9090-exec-9] o.s.web.servlet.DispatcherServlet        : GET "/api/lead/v1/all-leads?page=0&size=200", parameters={masked}
2026-08-20T11:42:08.560+05:30 DEBUG 20828 --- [Kunash-CRM] [http-nio-9090-exec-9] s.w.s.m.m.a.RequestMappingHandlerMapping : Mapped to com.crm.controller.LeadController#getAllLeads(int, int)
2026-08-20T11:42:08.560+05:30 DEBUG 20828 --- [Kunash-CRM] [http-nio-9090-exec-10] o.s.web.servlet.DispatcherServlet        : GET "/api/stat/v1/lead-stats", parameters={}
2026-08-20T11:42:08.560+05:30 DEBUG 20828 --- [Kunash-CRM] [http-nio-9090-exec-2] o.s.web.servlet.DispatcherServlet        : GET "/api/lead/v1/monthly-count?monthsBack=6", parameters={masked}
2026-08-20T11:42:08.561+05:30 DEBUG 20828 --- [Kunash-CRM] [http-nio-9090-exec-2] s.w.s.m.m.a.RequestMappingHandlerMapping : Mapped to com.crm.controller.LeadController#getMonthlyLeadCounts(int)
2026-08-20T11:42:08.561+05:30 DEBUG 20828 --- [Kunash-CRM] [http-nio-9090-exec-7] o.s.web.servlet.DispatcherServlet        : GET "/api/v1/staff/dropdown", parameters={}
2026-08-20T11:42:08.561+05:30 DEBUG 20828 --- [Kunash-CRM] [http-nio-9090-exec-10] s.w.s.m.m.a.RequestMappingHandlerMapping : Mapped to com.crm.controller.StatCardController#getLeadStats()
2026-08-20T11:42:08.561+05:30 DEBUG 20828 --- [Kunash-CRM] [http-nio-9090-exec-7] s.w.s.m.m.a.RequestMappingHandlerMapping : Mapped to com.crm.controller.StaffController#getStaffDropdownList()
2026-08-20T11:42:08.562+05:30  INFO 20828 --- [Kunash-CRM] [http-nio-9090-exec-7] com.crm.controller.StaffController       : GET /api/v1/staff/dropdown — request received
2026-08-20T11:42:08.561+05:30  INFO 20828 --- [Kunash-CRM] [http-nio-9090-exec-10] com.crm.controller.StatCardController    : GET /api/stat/v1/lead-stats — fetch dashboard stat card counts
2026-08-20T11:42:08.562+05:30  INFO 20828 --- [Kunash-CRM] [http-nio-9090-exec-10] c.c.s.serviceImple.StatCardServiceImple  : Fetching lead stat card counts
2026-08-20T11:42:08.566+05:30  INFO 20828 --- [Kunash-CRM] [http-nio-9090-exec-7] com.crm.controller.StaffController       : GET /api/v1/staff/dropdown — completed, count=1
2026-08-20T11:42:08.567+05:30 DEBUG 20828 --- [Kunash-CRM] [http-nio-9090-exec-7] o.s.w.s.m.m.a.HttpEntityMethodProcessor  : Using 'application/json', given [*/*] and supported [application/json, application/*+json]
2026-08-20T11:42:08.568+05:30 DEBUG 20828 --- [Kunash-CRM] [http-nio-9090-exec-7] o.s.w.s.m.m.a.HttpEntityMethodProcessor  : Writing [[com.crm.dto.response.StaffDropdownDto@4e9f5296]]
2026-08-20T11:42:08.569+05:30 DEBUG 20828 --- [Kunash-CRM] [http-nio-9090-exec-7] o.s.web.servlet.DispatcherServlet        : Completed 200 OK
2026-08-20T11:42:08.571+05:30 DEBUG 20828 --- [Kunash-CRM] [http-nio-9090-exec-2] o.s.w.s.m.m.a.HttpEntityMethodProcessor  : Using 'application/json', given [*/*] and supported [application/json, application/*+json]
2026-08-20T11:42:08.571+05:30 DEBUG 20828 --- [Kunash-CRM] [http-nio-9090-exec-2] o.s.w.s.m.m.a.HttpEntityMethodProcessor  : Writing [[com.crm.dto.stats.MonthlyLeadCountDto@74fe1c40, com.crm.dto.stats.MonthlyLeadCountDto@3c1a6018, com (truncated)...]
2026-08-20T11:42:08.573+05:30 DEBUG 20828 --- [Kunash-CRM] [http-nio-9090-exec-2] o.s.web.servlet.DispatcherServlet        : Completed 200 OK
2026-08-20T11:42:08.575+05:30 DEBUG 20828 --- [Kunash-CRM] [http-nio-9090-exec-3] o.s.web.servlet.DispatcherServlet        : GET "/api/v1/staff/dropdown", parameters={}
2026-08-20T11:42:08.578+05:30 DEBUG 20828 --- [Kunash-CRM] [http-nio-9090-exec-3] s.w.s.m.m.a.RequestMappingHandlerMapping : Mapped to com.crm.controller.StaffController#getStaffDropdownList()
2026-08-20T11:42:08.579+05:30  INFO 20828 --- [Kunash-CRM] [http-nio-9090-exec-3] com.crm.controller.StaffController       : GET /api/v1/staff/dropdown — request received
2026-08-20T11:42:08.579+05:30 DEBUG 20828 --- [Kunash-CRM] [http-nio-9090-exec-6] o.s.web.servlet.DispatcherServlet        : GET "/api/lead/v1/monthly-count?monthsBack=6", parameters={masked}
2026-08-20T11:42:08.582+05:30  INFO 20828 --- [Kunash-CRM] [http-nio-9090-exec-10] c.c.s.serviceImple.StatCardServiceImple  : Lead stats — total=15, todayFollowups=0, totalFollowups=11, won=3, lost=1
2026-08-20T11:42:08.583+05:30 DEBUG 20828 --- [Kunash-CRM] [http-nio-9090-exec-10] o.s.w.s.m.m.a.HttpEntityMethodProcessor  : Using 'application/json', given [*/*] and supported [application/json, application/*+json]
2026-08-20T11:42:08.581+05:30 DEBUG 20828 --- [Kunash-CRM] [http-nio-9090-exec-6] s.w.s.m.m.a.RequestMappingHandlerMapping : Mapped to com.crm.controller.LeadController#getMonthlyLeadCounts(int)
2026-08-20T11:42:08.587+05:30  INFO 20828 --- [Kunash-CRM] [http-nio-9090-exec-3] com.crm.controller.StaffController       : GET /api/v1/staff/dropdown — completed, count=1
2026-08-20T11:42:08.587+05:30 DEBUG 20828 --- [Kunash-CRM] [http-nio-9090-exec-10] o.s.w.s.m.m.a.HttpEntityMethodProcessor  : Writing [com.crm.dto.stats.LeadStatsResponse@74abbe10]
2026-08-20T11:42:08.590+05:30 DEBUG 20828 --- [Kunash-CRM] [http-nio-9090-exec-3] o.s.w.s.m.m.a.HttpEntityMethodProcessor  : Using 'application/json', given [*/*] and supported [application/json, application/*+json]
2026-08-20T11:42:08.591+05:30 DEBUG 20828 --- [Kunash-CRM] [http-nio-9090-exec-10] o.s.web.servlet.DispatcherServlet        : Completed 200 OK
2026-08-20T11:42:08.592+05:30 DEBUG 20828 --- [Kunash-CRM] [http-nio-9090-exec-3] o.s.w.s.m.m.a.HttpEntityMethodProcessor  : Writing [[com.crm.dto.response.StaffDropdownDto@247ac4dd]]
2026-08-20T11:42:08.594+05:30 DEBUG 20828 --- [Kunash-CRM] [http-nio-9090-exec-6] o.s.w.s.m.m.a.HttpEntityMethodProcessor  : Using 'application/json', given [*/*] and supported [application/json, application/*+json]
2026-08-20T11:42:08.595+05:30 DEBUG 20828 --- [Kunash-CRM] [http-nio-9090-exec-8] o.s.web.servlet.DispatcherServlet        : GET "/api/stat/v1/lead-stats", parameters={}
2026-08-20T11:42:08.595+05:30 DEBUG 20828 --- [Kunash-CRM] [http-nio-9090-exec-6] o.s.w.s.m.m.a.HttpEntityMethodProcessor  : Writing [[com.crm.dto.stats.MonthlyLeadCountDto@3d3968b5, com.crm.dto.stats.MonthlyLeadCountDto@2f781a21, com (truncated)...]
2026-08-20T11:42:08.595+05:30 DEBUG 20828 --- [Kunash-CRM] [http-nio-9090-exec-8] s.w.s.m.m.a.RequestMappingHandlerMapping : Mapped to com.crm.controller.StatCardController#getLeadStats()
2026-08-20T11:42:08.597+05:30 DEBUG 20828 --- [Kunash-CRM] [http-nio-9090-exec-6] o.s.web.servlet.DispatcherServlet        : Completed 200 OK
2026-08-20T11:42:08.597+05:30 DEBUG 20828 --- [Kunash-CRM] [http-nio-9090-exec-3] o.s.web.servlet.DispatcherServlet        : Completed 200 OK
2026-08-20T11:42:08.598+05:30  INFO 20828 --- [Kunash-CRM] [http-nio-9090-exec-8] com.crm.controller.StatCardController    : GET /api/stat/v1/lead-stats — fetch dashboard stat card counts
2026-08-20T11:42:08.599+05:30  INFO 20828 --- [Kunash-CRM] [http-nio-9090-exec-8] c.c.s.serviceImple.StatCardServiceImple  : Fetching lead stat card counts
2026-08-20T11:42:08.613+05:30  INFO 20828 --- [Kunash-CRM] [http-nio-9090-exec-8] c.c.s.serviceImple.StatCardServiceImple  : Lead stats — total=15, todayFollowups=0, totalFollowups=11, won=3, lost=1
2026-08-20T11:42:08.617+05:30 DEBUG 20828 --- [Kunash-CRM] [http-nio-9090-exec-8] o.s.w.s.m.m.a.HttpEntityMethodProcessor  : Using 'application/json', given [*/*] and supported [application/json, application/*+json]
2026-08-20T11:42:08.618+05:30 DEBUG 20828 --- [Kunash-CRM] [http-nio-9090-exec-8] o.s.w.s.m.m.a.HttpEntityMethodProcessor  : Writing [com.crm.dto.stats.LeadStatsResponse@5e41ed29]
2026-08-20T11:42:08.635+05:30 DEBUG 20828 --- [Kunash-CRM] [http-nio-9090-exec-8] o.s.web.servlet.DispatcherServlet        : Completed 200 OK
2026-08-20T11:42:08.670+05:30 DEBUG 20828 --- [Kunash-CRM] [http-nio-9090-exec-9] o.s.w.s.m.m.a.HttpEntityMethodProcessor  : Using 'application/json', given [*/*] and supported [application/json, application/*+json]
2026-08-20T11:42:08.670+05:30 DEBUG 20828 --- [Kunash-CRM] [http-nio-9090-exec-9] o.s.w.s.m.m.a.HttpEntityMethodProcessor  : Writing [Page 1 of 1 containing com.crm.dto.response.LeadResponseDto instances]
2026-08-20T11:42:08.672+05:30 DEBUG 20828 --- [Kunash-CRM] [http-nio-9090-exec-9] o.s.web.servlet.DispatcherServlet        : Completed 200 OK
2026-08-20T11:42:08.674+05:30 DEBUG 20828 --- [Kunash-CRM] [http-nio-9090-exec-1] o.s.web.servlet.DispatcherServlet        : GET "/api/lead/v1/all-leads?page=0&size=200", parameters={masked}
2026-08-20T11:42:08.675+05:30 DEBUG 20828 --- [Kunash-CRM] [http-nio-9090-exec-1] s.w.s.m.m.a.RequestMappingHandlerMapping : Mapped to com.crm.controller.LeadController#getAllLeads(int, int)
2026-08-20T11:42:08.741+05:30 DEBUG 20828 --- [Kunash-CRM] [http-nio-9090-exec-1] o.s.w.s.m.m.a.HttpEntityMethodProcessor  : Using 'application/json', given [*/*] and supported [application/json, application/*+json]
2026-08-20T11:42:08.742+05:30 DEBUG 20828 --- [Kunash-CRM] [http-nio-9090-exec-1] o.s.w.s.m.m.a.HttpEntityMethodProcessor  : Writing [Page 1 of 1 containing com.crm.dto.response.LeadResponseDto instances]
2026-08-20T11:42:08.744+05:30 DEBUG 20828 --- [Kunash-CRM] [http-nio-9090-exec-1] o.s.web.servlet.DispatcherServlet        : Completed 200 OK
2026-08-20T12:15:00.529+05:30 DEBUG 20828 --- [Kunash-CRM] [http-nio-9090-exec-3] o.s.web.servlet.DispatcherServlet        : GET "/api/v1/staff/stats", parameters={}
2026-08-20T12:15:00.529+05:30 DEBUG 20828 --- [Kunash-CRM] [http-nio-9090-exec-6] o.s.web.servlet.DispatcherServlet        : GET "/api/v1/staff?page=0&size=20", parameters={masked}
2026-08-20T12:15:00.530+05:30 DEBUG 20828 --- [Kunash-CRM] [http-nio-9090-exec-3] s.w.s.m.m.a.RequestMappingHandlerMapping : Mapped to com.crm.controller.StaffController#getStaffStats()
2026-08-20T12:15:00.530+05:30 DEBUG 20828 --- [Kunash-CRM] [http-nio-9090-exec-6] s.w.s.m.m.a.RequestMappingHandlerMapping : Mapped to com.crm.controller.StaffController#getAllStaff(int, int)
2026-08-20T12:15:00.531+05:30  INFO 20828 --- [Kunash-CRM] [http-nio-9090-exec-3] com.crm.controller.StaffController       : GET /api/v1/staff/stats — request received
2026-08-20T12:15:00.532+05:30  INFO 20828 --- [Kunash-CRM] [http-nio-9090-exec-6] com.crm.controller.StaffController       : GET /api/v1/staff — request received, page=0, size=20
2026-08-20T12:15:00.533+05:30  INFO 20828 --- [Kunash-CRM] [http-nio-9090-exec-6] c.c.s.serviceImple.StaffServiceImple     : Fetching staff list — page=0, size=20
2026-08-20T12:15:00.541+05:30  INFO 20828 --- [Kunash-CRM] [http-nio-9090-exec-6] c.c.s.serviceImple.StaffServiceImple     : Fetched 1 staff records out of 1 total
2026-08-20T12:15:00.541+05:30  INFO 20828 --- [Kunash-CRM] [http-nio-9090-exec-6] com.crm.controller.StaffController       : GET /api/v1/staff — completed, returned=1 of total=1
2026-08-20T12:15:00.542+05:30 DEBUG 20828 --- [Kunash-CRM] [http-nio-9090-exec-6] o.s.w.s.m.m.a.HttpEntityMethodProcessor  : Using 'application/json', given [*/*] and supported [application/json, application/*+json]
2026-08-20T12:15:00.542+05:30 DEBUG 20828 --- [Kunash-CRM] [http-nio-9090-exec-6] o.s.w.s.m.m.a.HttpEntityMethodProcessor  : Writing [com.crm.dto.response.PagedResponse@57b75535]
2026-08-20T12:15:00.544+05:30  INFO 20828 --- [Kunash-CRM] [http-nio-9090-exec-3] com.crm.controller.StaffController       : GET /api/v1/staff/stats — completed
2026-08-20T12:15:00.544+05:30 DEBUG 20828 --- [Kunash-CRM] [http-nio-9090-exec-6] o.s.web.servlet.DispatcherServlet        : Completed 200 OK
2026-08-20T12:15:00.545+05:30 DEBUG 20828 --- [Kunash-CRM] [http-nio-9090-exec-3] o.s.w.s.m.m.a.HttpEntityMethodProcessor  : Using 'application/json', given [*/*] and supported [application/json, application/*+json]
2026-08-20T12:15:00.545+05:30 DEBUG 20828 --- [Kunash-CRM] [http-nio-9090-exec-3] o.s.w.s.m.m.a.HttpEntityMethodProcessor  : Writing [com.crm.dto.stats.StaffStatsDto@5e214448]
2026-08-20T12:15:00.547+05:30 DEBUG 20828 --- [Kunash-CRM] [http-nio-9090-exec-3] o.s.web.servlet.DispatcherServlet        : Completed 200 OK
2026-08-20T12:15:00.548+05:30 DEBUG 20828 --- [Kunash-CRM] [http-nio-9090-exec-8] o.s.web.servlet.DispatcherServlet        : GET "/api/v1/staff?page=0&size=20", parameters={masked}
2026-08-20T12:15:00.549+05:30 DEBUG 20828 --- [Kunash-CRM] [http-nio-9090-exec-8] s.w.s.m.m.a.RequestMappingHandlerMapping : Mapped to com.crm.controller.StaffController#getAllStaff(int, int)
2026-08-20T12:15:00.551+05:30  INFO 20828 --- [Kunash-CRM] [http-nio-9090-exec-8] com.crm.controller.StaffController       : GET /api/v1/staff — request received, page=0, size=20
2026-08-20T12:15:00.552+05:30  INFO 20828 --- [Kunash-CRM] [http-nio-9090-exec-8] c.c.s.serviceImple.StaffServiceImple     : Fetching staff list — page=0, size=20
2026-08-20T12:15:00.552+05:30 DEBUG 20828 --- [Kunash-CRM] [http-nio-9090-exec-9] o.s.web.servlet.DispatcherServlet        : GET "/api/v1/staff/stats", parameters={}
2026-08-20T12:15:00.552+05:30 DEBUG 20828 --- [Kunash-CRM] [http-nio-9090-exec-9] s.w.s.m.m.a.RequestMappingHandlerMapping : Mapped to com.crm.controller.StaffController#getStaffStats()
2026-08-20T12:15:00.554+05:30  INFO 20828 --- [Kunash-CRM] [http-nio-9090-exec-9] com.crm.controller.StaffController       : GET /api/v1/staff/stats — request received
2026-08-20T12:15:00.557+05:30  INFO 20828 --- [Kunash-CRM] [http-nio-9090-exec-8] c.c.s.serviceImple.StaffServiceImple     : Fetched 1 staff records out of 1 total
2026-08-20T12:15:00.557+05:30  INFO 20828 --- [Kunash-CRM] [http-nio-9090-exec-8] com.crm.controller.StaffController       : GET /api/v1/staff — completed, returned=1 of total=1
2026-08-20T12:15:00.559+05:30 DEBUG 20828 --- [Kunash-CRM] [http-nio-9090-exec-8] o.s.w.s.m.m.a.HttpEntityMethodProcessor  : Using 'application/json', given [*/*] and supported [application/json, application/*+json]
2026-08-20T12:15:00.559+05:30 DEBUG 20828 --- [Kunash-CRM] [http-nio-9090-exec-8] o.s.w.s.m.m.a.HttpEntityMethodProcessor  : Writing [com.crm.dto.response.PagedResponse@735134cd]
2026-08-20T12:15:00.563+05:30 DEBUG 20828 --- [Kunash-CRM] [http-nio-9090-exec-8] o.s.web.servlet.DispatcherServlet        : Completed 200 OK
2026-08-20T12:15:00.564+05:30  INFO 20828 --- [Kunash-CRM] [http-nio-9090-exec-9] com.crm.controller.StaffController       : GET /api/v1/staff/stats — completed
2026-08-20T12:15:00.565+05:30 DEBUG 20828 --- [Kunash-CRM] [http-nio-9090-exec-9] o.s.w.s.m.m.a.HttpEntityMethodProcessor  : Using 'application/json', given [*/*] and supported [application/json, application/*+json]
2026-08-20T12:15:00.565+05:30 DEBUG 20828 --- [Kunash-CRM] [http-nio-9090-exec-9] o.s.w.s.m.m.a.HttpEntityMethodProcessor  : Writing [com.crm.dto.stats.StaffStatsDto@2ff222fb]
2026-08-20T12:15:00.567+05:30 DEBUG 20828 --- [Kunash-CRM] [http-nio-9090-exec-9] o.s.web.servlet.DispatcherServlet        : Completed 200 OK
2026-08-20T12:16:26.547+05:30 DEBUG 20828 --- [Kunash-CRM] [http-nio-9090-exec-1] o.s.web.servlet.DispatcherServlet        : GET "/api/lead/v1/by-staff/1?page=0&size=50", parameters={masked}
2026-08-20T12:16:26.548+05:30 DEBUG 20828 --- [Kunash-CRM] [http-nio-9090-exec-1] s.w.s.m.m.a.RequestMappingHandlerMapping : Mapped to com.crm.controller.LeadController#getLeadsByAssignedStaff(Long, int, int)
2026-08-20T12:16:26.550+05:30  INFO 20828 --- [Kunash-CRM] [http-nio-9090-exec-1] com.crm.controller.LeadController        : GET /api/lead/v1/by-staff/1 — page=0, size=50
2026-08-20T12:16:26.551+05:30  INFO 20828 --- [Kunash-CRM] [http-nio-9090-exec-1] c.c.s.serviceImple.LeadServiceImple      : Fetching leads assigned to staffPrimeId=1, page=0, size=50
2026-08-20T12:16:26.590+05:30 DEBUG 20828 --- [Kunash-CRM] [http-nio-9090-exec-1] o.s.w.s.m.m.a.HttpEntityMethodProcessor  : Using 'application/json', given [*/*] and supported [application/json, application/*+json]
2026-08-20T12:16:26.591+05:30 DEBUG 20828 --- [Kunash-CRM] [http-nio-9090-exec-1] o.s.w.s.m.m.a.HttpEntityMethodProcessor  : Writing [Page 1 of 1 containing com.crm.dto.response.LeadResponseDto instances]
2026-08-20T12:16:26.592+05:30 DEBUG 20828 --- [Kunash-CRM] [http-nio-9090-exec-1] o.s.web.servlet.DispatcherServlet        : Completed 200 OK
2026-08-20T12:18:22.581+05:30 DEBUG 20828 --- [Kunash-CRM] [http-nio-9090-exec-7] o.s.web.servlet.DispatcherServlet        : GET "/api/v1/staff?page=0&size=20", parameters={masked}
2026-08-20T12:18:22.582+05:30 DEBUG 20828 --- [Kunash-CRM] [http-nio-9090-exec-7] s.w.s.m.m.a.RequestMappingHandlerMapping : Mapped to com.crm.controller.StaffController#getAllStaff(int, int)
2026-08-20T12:18:22.584+05:30 DEBUG 20828 --- [Kunash-CRM] [http-nio-9090-exec-10] o.s.web.servlet.DispatcherServlet        : GET "/api/v1/staff/stats", parameters={}
2026-08-20T12:18:22.585+05:30 DEBUG 20828 --- [Kunash-CRM] [http-nio-9090-exec-10] s.w.s.m.m.a.RequestMappingHandlerMapping : Mapped to com.crm.controller.StaffController#getStaffStats()
2026-08-20T12:18:22.587+05:30  INFO 20828 --- [Kunash-CRM] [http-nio-9090-exec-10] com.crm.controller.StaffController       : GET /api/v1/staff/stats — request received
2026-08-20T12:18:22.587+05:30 DEBUG 20828 --- [Kunash-CRM] [http-nio-9090-exec-6] o.s.web.servlet.DispatcherServlet        : GET "/api/v1/staff/stats", parameters={}
2026-08-20T12:18:22.591+05:30 DEBUG 20828 --- [Kunash-CRM] [http-nio-9090-exec-6] s.w.s.m.m.a.RequestMappingHandlerMapping : Mapped to com.crm.controller.StaffController#getStaffStats()
2026-08-20T12:18:22.591+05:30 DEBUG 20828 --- [Kunash-CRM] [http-nio-9090-exec-2] o.s.web.servlet.DispatcherServlet        : GET "/api/v1/staff?page=0&size=20", parameters={masked}
2026-08-20T12:18:22.599+05:30  INFO 20828 --- [Kunash-CRM] [http-nio-9090-exec-6] com.crm.controller.StaffController       : GET /api/v1/staff/stats — request received
2026-08-20T12:18:22.604+05:30 DEBUG 20828 --- [Kunash-CRM] [http-nio-9090-exec-2] s.w.s.m.m.a.RequestMappingHandlerMapping : Mapped to com.crm.controller.StaffController#getAllStaff(int, int)
2026-08-20T12:18:22.604+05:30  INFO 20828 --- [Kunash-CRM] [http-nio-9090-exec-7] com.crm.controller.StaffController       : GET /api/v1/staff — request received, page=0, size=20
2026-08-20T12:18:22.605+05:30  INFO 20828 --- [Kunash-CRM] [http-nio-9090-exec-7] c.c.s.serviceImple.StaffServiceImple     : Fetching staff list — page=0, size=20
2026-08-20T12:18:22.605+05:30  INFO 20828 --- [Kunash-CRM] [http-nio-9090-exec-2] com.crm.controller.StaffController       : GET /api/v1/staff — request received, page=0, size=20
2026-08-20T12:18:22.610+05:30  INFO 20828 --- [Kunash-CRM] [http-nio-9090-exec-2] c.c.s.serviceImple.StaffServiceImple     : Fetching staff list — page=0, size=20
2026-08-20T12:18:22.611+05:30  INFO 20828 --- [Kunash-CRM] [http-nio-9090-exec-10] com.crm.controller.StaffController       : GET /api/v1/staff/stats — completed
2026-08-20T12:18:22.612+05:30 DEBUG 20828 --- [Kunash-CRM] [http-nio-9090-exec-10] o.s.w.s.m.m.a.HttpEntityMethodProcessor  : Using 'application/json', given [*/*] and supported [application/json, application/*+json]
2026-08-20T12:18:22.612+05:30 DEBUG 20828 --- [Kunash-CRM] [http-nio-9090-exec-10] o.s.w.s.m.m.a.HttpEntityMethodProcessor  : Writing [com.crm.dto.stats.StaffStatsDto@1069622d]
2026-08-20T12:18:22.615+05:30  INFO 20828 --- [Kunash-CRM] [http-nio-9090-exec-7] c.c.s.serviceImple.StaffServiceImple     : Fetched 1 staff records out of 1 total
2026-08-20T12:18:22.615+05:30  INFO 20828 --- [Kunash-CRM] [http-nio-9090-exec-7] com.crm.controller.StaffController       : GET /api/v1/staff — completed, returned=1 of total=1
2026-08-20T12:18:22.616+05:30 DEBUG 20828 --- [Kunash-CRM] [http-nio-9090-exec-7] o.s.w.s.m.m.a.HttpEntityMethodProcessor  : Using 'application/json', given [*/*] and supported [application/json, application/*+json]
2026-08-20T12:18:22.617+05:30 DEBUG 20828 --- [Kunash-CRM] [http-nio-9090-exec-7] o.s.w.s.m.m.a.HttpEntityMethodProcessor  : Writing [com.crm.dto.response.PagedResponse@12d94631]
2026-08-20T12:18:22.616+05:30  INFO 20828 --- [Kunash-CRM] [http-nio-9090-exec-6] com.crm.controller.StaffController       : GET /api/v1/staff/stats — completed
2026-08-20T12:18:22.617+05:30 DEBUG 20828 --- [Kunash-CRM] [http-nio-9090-exec-10] o.s.web.servlet.DispatcherServlet        : Completed 200 OK
2026-08-20T12:18:22.618+05:30 DEBUG 20828 --- [Kunash-CRM] [http-nio-9090-exec-6] o.s.w.s.m.m.a.HttpEntityMethodProcessor  : Using 'application/json', given [*/*] and supported [application/json, application/*+json]
2026-08-20T12:18:22.618+05:30 DEBUG 20828 --- [Kunash-CRM] [http-nio-9090-exec-6] o.s.w.s.m.m.a.HttpEntityMethodProcessor  : Writing [com.crm.dto.stats.StaffStatsDto@142381bc]
2026-08-20T12:18:22.621+05:30 DEBUG 20828 --- [Kunash-CRM] [http-nio-9090-exec-7] o.s.web.servlet.DispatcherServlet        : Completed 200 OK
2026-08-20T12:18:22.624+05:30  INFO 20828 --- [Kunash-CRM] [http-nio-9090-exec-2] c.c.s.serviceImple.StaffServiceImple     : Fetched 1 staff records out of 1 total
2026-08-20T12:18:22.624+05:30  INFO 20828 --- [Kunash-CRM] [http-nio-9090-exec-2] com.crm.controller.StaffController       : GET /api/v1/staff — completed, returned=1 of total=1
2026-08-20T12:18:22.625+05:30 DEBUG 20828 --- [Kunash-CRM] [http-nio-9090-exec-6] o.s.web.servlet.DispatcherServlet        : Completed 200 OK
2026-08-20T12:18:22.627+05:30 DEBUG 20828 --- [Kunash-CRM] [http-nio-9090-exec-2] o.s.w.s.m.m.a.HttpEntityMethodProcessor  : Using 'application/json', given [*/*] and supported [application/json, application/*+json]
2026-08-20T12:18:22.628+05:30 DEBUG 20828 --- [Kunash-CRM] [http-nio-9090-exec-2] o.s.w.s.m.m.a.HttpEntityMethodProcessor  : Writing [com.crm.dto.response.PagedResponse@226680b2]
2026-08-20T12:18:22.632+05:30 DEBUG 20828 --- [Kunash-CRM] [http-nio-9090-exec-2] o.s.web.servlet.DispatcherServlet        : Completed 200 OK
2026-08-20T12:18:43.124+05:30 DEBUG 20828 --- [Kunash-CRM] [http-nio-9090-exec-8] o.s.web.servlet.DispatcherServlet        : GET "/api/v1/staff/stats", parameters={}
2026-08-20T12:18:43.124+05:30 DEBUG 20828 --- [Kunash-CRM] [http-nio-9090-exec-3] o.s.web.servlet.DispatcherServlet        : GET "/api/v1/staff?page=0&size=20", parameters={masked}
2026-08-20T12:18:43.130+05:30 DEBUG 20828 --- [Kunash-CRM] [http-nio-9090-exec-3] s.w.s.m.m.a.RequestMappingHandlerMapping : Mapped to com.crm.controller.StaffController#getAllStaff(int, int)
2026-08-20T12:18:43.126+05:30 DEBUG 20828 --- [Kunash-CRM] [http-nio-9090-exec-8] s.w.s.m.m.a.RequestMappingHandlerMapping : Mapped to com.crm.controller.StaffController#getStaffStats()
2026-08-20T12:18:43.131+05:30  INFO 20828 --- [Kunash-CRM] [http-nio-9090-exec-3] com.crm.controller.StaffController       : GET /api/v1/staff — request received, page=0, size=20
2026-08-20T12:18:43.131+05:30  INFO 20828 --- [Kunash-CRM] [http-nio-9090-exec-8] com.crm.controller.StaffController       : GET /api/v1/staff/stats — request received
2026-08-20T12:18:43.132+05:30 DEBUG 20828 --- [Kunash-CRM] [http-nio-9090-exec-9] o.s.web.servlet.DispatcherServlet        : GET "/api/v1/staff?page=0&size=20", parameters={masked}
2026-08-20T12:18:43.130+05:30 DEBUG 20828 --- [Kunash-CRM] [http-nio-9090-exec-1] o.s.web.servlet.DispatcherServlet        : GET "/api/v1/staff/stats", parameters={}
2026-08-20T12:18:43.132+05:30  INFO 20828 --- [Kunash-CRM] [http-nio-9090-exec-3] c.c.s.serviceImple.StaffServiceImple     : Fetching staff list — page=0, size=20
2026-08-20T12:18:43.133+05:30 DEBUG 20828 --- [Kunash-CRM] [http-nio-9090-exec-9] s.w.s.m.m.a.RequestMappingHandlerMapping : Mapped to com.crm.controller.StaffController#getAllStaff(int, int)
2026-08-20T12:18:43.134+05:30 DEBUG 20828 --- [Kunash-CRM] [http-nio-9090-exec-1] s.w.s.m.m.a.RequestMappingHandlerMapping : Mapped to com.crm.controller.StaffController#getStaffStats()
2026-08-20T12:18:43.134+05:30  INFO 20828 --- [Kunash-CRM] [http-nio-9090-exec-9] com.crm.controller.StaffController       : GET /api/v1/staff — request received, page=0, size=20
2026-08-20T12:18:43.134+05:30  INFO 20828 --- [Kunash-CRM] [http-nio-9090-exec-9] c.c.s.serviceImple.StaffServiceImple     : Fetching staff list — page=0, size=20
2026-08-20T12:18:43.135+05:30  INFO 20828 --- [Kunash-CRM] [http-nio-9090-exec-1] com.crm.controller.StaffController       : GET /api/v1/staff/stats — request received
2026-08-20T12:18:43.137+05:30  INFO 20828 --- [Kunash-CRM] [http-nio-9090-exec-3] c.c.s.serviceImple.StaffServiceImple     : Fetched 1 staff records out of 1 total
2026-08-20T12:18:43.137+05:30  INFO 20828 --- [Kunash-CRM] [http-nio-9090-exec-3] com.crm.controller.StaffController       : GET /api/v1/staff — completed, returned=1 of total=1
2026-08-20T12:18:43.138+05:30 DEBUG 20828 --- [Kunash-CRM] [http-nio-9090-exec-3] o.s.w.s.m.m.a.HttpEntityMethodProcessor  : Using 'application/json', given [*/*] and supported [application/json, application/*+json]
2026-08-20T12:18:43.140+05:30  INFO 20828 --- [Kunash-CRM] [http-nio-9090-exec-9] c.c.s.serviceImple.StaffServiceImple     : Fetched 1 staff records out of 1 total
2026-08-20T12:18:43.139+05:30 DEBUG 20828 --- [Kunash-CRM] [http-nio-9090-exec-3] o.s.w.s.m.m.a.HttpEntityMethodProcessor  : Writing [com.crm.dto.response.PagedResponse@1294bcca]
2026-08-20T12:18:43.140+05:30  INFO 20828 --- [Kunash-CRM] [http-nio-9090-exec-9] com.crm.controller.StaffController       : GET /api/v1/staff — completed, returned=1 of total=1
2026-08-20T12:18:43.147+05:30 DEBUG 20828 --- [Kunash-CRM] [http-nio-9090-exec-9] o.s.w.s.m.m.a.HttpEntityMethodProcessor  : Using 'application/json', given [*/*] and supported [application/json, application/*+json]
2026-08-20T12:18:43.147+05:30 DEBUG 20828 --- [Kunash-CRM] [http-nio-9090-exec-3] o.s.web.servlet.DispatcherServlet        : Completed 200 OK
2026-08-20T12:18:43.147+05:30 DEBUG 20828 --- [Kunash-CRM] [http-nio-9090-exec-9] o.s.w.s.m.m.a.HttpEntityMethodProcessor  : Writing [com.crm.dto.response.PagedResponse@d3b2e42]
2026-08-20T12:18:43.148+05:30  INFO 20828 --- [Kunash-CRM] [http-nio-9090-exec-8] com.crm.controller.StaffController       : GET /api/v1/staff/stats — completed
2026-08-20T12:18:43.149+05:30  INFO 20828 --- [Kunash-CRM] [http-nio-9090-exec-1] com.crm.controller.StaffController       : GET /api/v1/staff/stats — completed
2026-08-20T12:18:43.150+05:30 DEBUG 20828 --- [Kunash-CRM] [http-nio-9090-exec-1] o.s.w.s.m.m.a.HttpEntityMethodProcessor  : Using 'application/json', given [*/*] and supported [application/json, application/*+json]
2026-08-20T12:18:43.150+05:30 DEBUG 20828 --- [Kunash-CRM] [http-nio-9090-exec-9] o.s.web.servlet.DispatcherServlet        : Completed 200 OK
2026-08-20T12:18:43.150+05:30 DEBUG 20828 --- [Kunash-CRM] [http-nio-9090-exec-1] o.s.w.s.m.m.a.HttpEntityMethodProcessor  : Writing [com.crm.dto.stats.StaffStatsDto@5af85426]
2026-08-20T12:18:43.151+05:30 DEBUG 20828 --- [Kunash-CRM] [http-nio-9090-exec-8] o.s.w.s.m.m.a.HttpEntityMethodProcessor  : Using 'application/json', given [*/*] and supported [application/json, application/*+json]
2026-08-20T12:18:43.152+05:30 DEBUG 20828 --- [Kunash-CRM] [http-nio-9090-exec-8] o.s.w.s.m.m.a.HttpEntityMethodProcessor  : Writing [com.crm.dto.stats.StaffStatsDto@20de73d7]
2026-08-20T12:18:43.152+05:30 DEBUG 20828 --- [Kunash-CRM] [http-nio-9090-exec-1] o.s.web.servlet.DispatcherServlet        : Completed 200 OK
2026-08-20T12:18:43.154+05:30 DEBUG 20828 --- [Kunash-CRM] [http-nio-9090-exec-8] o.s.web.servlet.DispatcherServlet        : Completed 200 OK
2026-08-20T12:20:34.179+05:30 DEBUG 20828 --- [Kunash-CRM] [http-nio-9090-exec-4] o.s.web.servlet.DispatcherServlet        : GET "/api/lead/v1/by-staff/1?page=0&size=50", parameters={masked}
2026-08-20T12:20:34.180+05:30 DEBUG 20828 --- [Kunash-CRM] [http-nio-9090-exec-4] s.w.s.m.m.a.RequestMappingHandlerMapping : Mapped to com.crm.controller.LeadController#getLeadsByAssignedStaff(Long, int, int)
2026-08-20T12:20:34.181+05:30  INFO 20828 --- [Kunash-CRM] [http-nio-9090-exec-4] com.crm.controller.LeadController        : GET /api/lead/v1/by-staff/1 — page=0, size=50
2026-08-20T12:20:34.182+05:30  INFO 20828 --- [Kunash-CRM] [http-nio-9090-exec-4] c.c.s.serviceImple.LeadServiceImple      : Fetching leads assigned to staffPrimeId=1, page=0, size=50
2026-08-20T12:20:34.221+05:30 DEBUG 20828 --- [Kunash-CRM] [http-nio-9090-exec-4] o.s.w.s.m.m.a.HttpEntityMethodProcessor  : Using 'application/json', given [*/*] and supported [application/json, application/*+json]
2026-08-20T12:20:34.222+05:30 DEBUG 20828 --- [Kunash-CRM] [http-nio-9090-exec-4] o.s.w.s.m.m.a.HttpEntityMethodProcessor  : Writing [Page 1 of 1 containing com.crm.dto.response.LeadResponseDto instances]
2026-08-20T12:20:34.223+05:30 DEBUG 20828 --- [Kunash-CRM] [http-nio-9090-exec-4] o.s.web.servlet.DispatcherServlet        : Completed 200 OK
2026-08-20T14:39:54.071+05:30  WARN 20828 --- [Kunash-CRM] [HikariPool-1:housekeeper] com.zaxxer.hikari.pool.HikariPool        : HikariPool-1 - Thread starvation or clock leap detected (housekeeper delta=27m33s453ms113µs900ns).
2026-08-20T14:41:00.766+05:30 DEBUG 20828 --- [Kunash-CRM] [http-nio-9090-exec-3] o.s.web.servlet.DispatcherServlet        : GET "/api/v1/staff/stats", parameters={}
2026-08-20T14:41:00.766+05:30 DEBUG 20828 --- [Kunash-CRM] [http-nio-9090-exec-2] o.s.web.servlet.DispatcherServlet        : GET "/api/v1/staff?page=0&size=20", parameters={masked}
2026-08-20T14:41:00.766+05:30 DEBUG 20828 --- [Kunash-CRM] [http-nio-9090-exec-2] s.w.s.m.m.a.RequestMappingHandlerMapping : Mapped to com.crm.controller.StaffController#getAllStaff(int, int)
2026-08-20T14:41:00.766+05:30 DEBUG 20828 --- [Kunash-CRM] [http-nio-9090-exec-3] s.w.s.m.m.a.RequestMappingHandlerMapping : Mapped to com.crm.controller.StaffController#getStaffStats()
2026-08-20T14:41:00.766+05:30  INFO 20828 --- [Kunash-CRM] [http-nio-9090-exec-3] com.crm.controller.StaffController       : GET /api/v1/staff/stats — request received
2026-08-20T14:41:00.766+05:30  INFO 20828 --- [Kunash-CRM] [http-nio-9090-exec-2] com.crm.controller.StaffController       : GET /api/v1/staff — request received, page=0, size=20
2026-08-20T14:41:00.766+05:30  INFO 20828 --- [Kunash-CRM] [http-nio-9090-exec-2] c.c.s.serviceImple.StaffServiceImple     : Fetching staff list — page=0, size=20
2026-08-20T14:41:00.776+05:30  INFO 20828 --- [Kunash-CRM] [http-nio-9090-exec-2] c.c.s.serviceImple.StaffServiceImple     : Fetched 1 staff records out of 1 total
2026-08-20T14:41:00.778+05:30  INFO 20828 --- [Kunash-CRM] [http-nio-9090-exec-2] com.crm.controller.StaffController       : GET /api/v1/staff — completed, returned=1 of total=1
2026-08-20T14:41:00.778+05:30 DEBUG 20828 --- [Kunash-CRM] [http-nio-9090-exec-2] o.s.w.s.m.m.a.HttpEntityMethodProcessor  : Using 'application/json', given [*/*] and supported [application/json, application/*+json]
2026-08-20T14:41:00.780+05:30 DEBUG 20828 --- [Kunash-CRM] [http-nio-9090-exec-2] o.s.w.s.m.m.a.HttpEntityMethodProcessor  : Writing [com.crm.dto.response.PagedResponse@1a42cf9a]
2026-08-20T14:41:00.788+05:30  INFO 20828 --- [Kunash-CRM] [http-nio-9090-exec-3] com.crm.controller.StaffController       : GET /api/v1/staff/stats — completed
2026-08-20T14:41:00.788+05:30 DEBUG 20828 --- [Kunash-CRM] [http-nio-9090-exec-3] o.s.w.s.m.m.a.HttpEntityMethodProcessor  : Using 'application/json', given [*/*] and supported [application/json, application/*+json]
2026-08-20T14:41:00.790+05:30 DEBUG 20828 --- [Kunash-CRM] [http-nio-9090-exec-3] o.s.w.s.m.m.a.HttpEntityMethodProcessor  : Writing [com.crm.dto.stats.StaffStatsDto@2043ec90]
2026-08-20T14:41:00.792+05:30 DEBUG 20828 --- [Kunash-CRM] [http-nio-9090-exec-3] o.s.web.servlet.DispatcherServlet        : Completed 200 OK
2026-08-20T14:41:00.792+05:30 DEBUG 20828 --- [Kunash-CRM] [http-nio-9090-exec-2] o.s.web.servlet.DispatcherServlet        : Completed 200 OK
2026-08-20T14:41:00.799+05:30 DEBUG 20828 --- [Kunash-CRM] [http-nio-9090-exec-9] o.s.web.servlet.DispatcherServlet        : GET "/api/v1/staff/stats", parameters={}
2026-08-20T14:41:00.799+05:30 DEBUG 20828 --- [Kunash-CRM] [http-nio-9090-exec-9] s.w.s.m.m.a.RequestMappingHandlerMapping : Mapped to com.crm.controller.StaffController#getStaffStats()
2026-08-20T14:41:00.799+05:30  INFO 20828 --- [Kunash-CRM] [http-nio-9090-exec-9] com.crm.controller.StaffController       : GET /api/v1/staff/stats — request received
2026-08-20T14:41:00.799+05:30 DEBUG 20828 --- [Kunash-CRM] [http-nio-9090-exec-8] o.s.web.servlet.DispatcherServlet        : GET "/api/v1/staff?page=0&size=20", parameters={masked}
2026-08-20T14:41:00.801+05:30 DEBUG 20828 --- [Kunash-CRM] [http-nio-9090-exec-8] s.w.s.m.m.a.RequestMappingHandlerMapping : Mapped to com.crm.controller.StaffController#getAllStaff(int, int)
2026-08-20T14:41:00.803+05:30  INFO 20828 --- [Kunash-CRM] [http-nio-9090-exec-8] com.crm.controller.StaffController       : GET /api/v1/staff — request received, page=0, size=20
2026-08-20T14:41:00.803+05:30  INFO 20828 --- [Kunash-CRM] [http-nio-9090-exec-8] c.c.s.serviceImple.StaffServiceImple     : Fetching staff list — page=0, size=20
2026-08-20T14:41:00.805+05:30  INFO 20828 --- [Kunash-CRM] [http-nio-9090-exec-8] c.c.s.serviceImple.StaffServiceImple     : Fetched 1 staff records out of 1 total
2026-08-20T14:41:00.806+05:30  INFO 20828 --- [Kunash-CRM] [http-nio-9090-exec-8] com.crm.controller.StaffController       : GET /api/v1/staff — completed, returned=1 of total=1
2026-08-20T14:41:00.806+05:30 DEBUG 20828 --- [Kunash-CRM] [http-nio-9090-exec-8] o.s.w.s.m.m.a.HttpEntityMethodProcessor  : Using 'application/json', given [*/*] and supported [application/json, application/*+json]
2026-08-20T14:41:00.806+05:30 DEBUG 20828 --- [Kunash-CRM] [http-nio-9090-exec-8] o.s.w.s.m.m.a.HttpEntityMethodProcessor  : Writing [com.crm.dto.response.PagedResponse@5eeec2c2]
2026-08-20T14:41:00.808+05:30  INFO 20828 --- [Kunash-CRM] [http-nio-9090-exec-9] com.crm.controller.StaffController       : GET /api/v1/staff/stats — completed
2026-08-20T14:41:00.808+05:30 DEBUG 20828 --- [Kunash-CRM] [http-nio-9090-exec-9] o.s.w.s.m.m.a.HttpEntityMethodProcessor  : Using 'application/json', given [*/*] and supported [application/json, application/*+json]
2026-08-20T14:41:00.808+05:30 DEBUG 20828 --- [Kunash-CRM] [http-nio-9090-exec-9] o.s.w.s.m.m.a.HttpEntityMethodProcessor  : Writing [com.crm.dto.stats.StaffStatsDto@d5a91ea]
2026-08-20T14:41:00.808+05:30 DEBUG 20828 --- [Kunash-CRM] [http-nio-9090-exec-8] o.s.web.servlet.DispatcherServlet        : Completed 200 OK
2026-08-20T14:41:00.808+05:30 DEBUG 20828 --- [Kunash-CRM] [http-nio-9090-exec-9] o.s.web.servlet.DispatcherServlet        : Completed 200 OK
2026-08-20T14:45:07.742+05:30 DEBUG 20828 --- [Kunash-CRM] [http-nio-9090-exec-6] o.s.web.servlet.DispatcherServlet        : GET "/api/v1/staff/dropdown", parameters={}
2026-08-20T14:45:07.742+05:30 DEBUG 20828 --- [Kunash-CRM] [http-nio-9090-exec-10] o.s.web.servlet.DispatcherServlet        : GET "/api/lead/v1/all-leads?page=0&size=200", parameters={masked}
2026-08-20T14:45:07.742+05:30 DEBUG 20828 --- [Kunash-CRM] [http-nio-9090-exec-6] s.w.s.m.m.a.RequestMappingHandlerMapping : Mapped to com.crm.controller.StaffController#getStaffDropdownList()
2026-08-20T14:45:07.742+05:30 DEBUG 20828 --- [Kunash-CRM] [http-nio-9090-exec-5] o.s.web.servlet.DispatcherServlet        : GET "/api/stat/v1/lead-stats", parameters={}
2026-08-20T14:45:07.744+05:30 DEBUG 20828 --- [Kunash-CRM] [http-nio-9090-exec-7] o.s.web.servlet.DispatcherServlet        : GET "/api/lead/v1/monthly-count?monthsBack=6", parameters={masked}
2026-08-20T14:45:07.744+05:30  INFO 20828 --- [Kunash-CRM] [http-nio-9090-exec-6] com.crm.controller.StaffController       : GET /api/v1/staff/dropdown — request received
2026-08-20T14:45:07.744+05:30 DEBUG 20828 --- [Kunash-CRM] [http-nio-9090-exec-7] s.w.s.m.m.a.RequestMappingHandlerMapping : Mapped to com.crm.controller.LeadController#getMonthlyLeadCounts(int)
2026-08-20T14:45:07.744+05:30 DEBUG 20828 --- [Kunash-CRM] [http-nio-9090-exec-10] s.w.s.m.m.a.RequestMappingHandlerMapping : Mapped to com.crm.controller.LeadController#getAllLeads(int, int)
2026-08-20T14:45:07.744+05:30 DEBUG 20828 --- [Kunash-CRM] [http-nio-9090-exec-5] s.w.s.m.m.a.RequestMappingHandlerMapping : Mapped to com.crm.controller.StatCardController#getLeadStats()
2026-08-20T14:45:07.748+05:30  INFO 20828 --- [Kunash-CRM] [http-nio-9090-exec-5] com.crm.controller.StatCardController    : GET /api/stat/v1/lead-stats — fetch dashboard stat card counts
2026-08-20T14:45:07.750+05:30  INFO 20828 --- [Kunash-CRM] [http-nio-9090-exec-5] c.c.s.serviceImple.StatCardServiceImple  : Fetching lead stat card counts
2026-08-20T14:45:07.752+05:30 DEBUG 20828 --- [Kunash-CRM] [http-nio-9090-exec-7] o.s.w.s.m.m.a.HttpEntityMethodProcessor  : Using 'application/json', given [*/*] and supported [application/json, application/*+json]
2026-08-20T14:45:07.752+05:30 DEBUG 20828 --- [Kunash-CRM] [http-nio-9090-exec-7] o.s.w.s.m.m.a.HttpEntityMethodProcessor  : Writing [[com.crm.dto.stats.MonthlyLeadCountDto@29e3c86c, com.crm.dto.stats.MonthlyLeadCountDto@6fa6c1fe, com (truncated)...]
2026-08-20T14:45:07.754+05:30 DEBUG 20828 --- [Kunash-CRM] [http-nio-9090-exec-7] o.s.web.servlet.DispatcherServlet        : Completed 200 OK
2026-08-20T14:45:07.763+05:30  INFO 20828 --- [Kunash-CRM] [http-nio-9090-exec-6] com.crm.controller.StaffController       : GET /api/v1/staff/dropdown — completed, count=1
2026-08-20T14:45:07.763+05:30 DEBUG 20828 --- [Kunash-CRM] [http-nio-9090-exec-6] o.s.w.s.m.m.a.HttpEntityMethodProcessor  : Using 'application/json', given [*/*] and supported [application/json, application/*+json]
2026-08-20T14:45:07.763+05:30 DEBUG 20828 --- [Kunash-CRM] [http-nio-9090-exec-3] o.s.web.servlet.DispatcherServlet        : GET "/api/lead/v1/monthly-count?monthsBack=6", parameters={masked}
2026-08-20T14:45:07.765+05:30 DEBUG 20828 --- [Kunash-CRM] [http-nio-9090-exec-6] o.s.w.s.m.m.a.HttpEntityMethodProcessor  : Writing [[com.crm.dto.response.StaffDropdownDto@38869909]]
2026-08-20T14:45:07.765+05:30 DEBUG 20828 --- [Kunash-CRM] [http-nio-9090-exec-6] o.s.web.servlet.DispatcherServlet        : Completed 200 OK
2026-08-20T14:45:07.774+05:30  INFO 20828 --- [Kunash-CRM] [http-nio-9090-exec-5] c.c.s.serviceImple.StatCardServiceImple  : Lead stats — total=15, todayFollowups=0, totalFollowups=11, won=3, lost=1
2026-08-20T14:45:07.768+05:30 DEBUG 20828 --- [Kunash-CRM] [http-nio-9090-exec-3] s.w.s.m.m.a.RequestMappingHandlerMapping : Mapped to com.crm.controller.LeadController#getMonthlyLeadCounts(int)
2026-08-20T14:45:07.793+05:30 DEBUG 20828 --- [Kunash-CRM] [http-nio-9090-exec-5] o.s.w.s.m.m.a.HttpEntityMethodProcessor  : Using 'application/json', given [*/*] and supported [application/json, application/*+json]
2026-08-20T14:45:07.793+05:30 DEBUG 20828 --- [Kunash-CRM] [http-nio-9090-exec-5] o.s.w.s.m.m.a.HttpEntityMethodProcessor  : Writing [com.crm.dto.stats.LeadStatsResponse@1277475b]
2026-08-20T14:45:07.796+05:30 DEBUG 20828 --- [Kunash-CRM] [http-nio-9090-exec-2] o.s.web.servlet.DispatcherServlet        : GET "/api/v1/staff/dropdown", parameters={}
2026-08-20T14:45:07.800+05:30 DEBUG 20828 --- [Kunash-CRM] [http-nio-9090-exec-2] s.w.s.m.m.a.RequestMappingHandlerMapping : Mapped to com.crm.controller.StaffController#getStaffDropdownList()
2026-08-20T14:45:07.800+05:30 DEBUG 20828 --- [Kunash-CRM] [http-nio-9090-exec-9] o.s.web.servlet.DispatcherServlet        : GET "/api/stat/v1/lead-stats", parameters={}
2026-08-20T14:45:07.800+05:30 DEBUG 20828 --- [Kunash-CRM] [http-nio-9090-exec-9] s.w.s.m.m.a.RequestMappingHandlerMapping : Mapped to com.crm.controller.StatCardController#getLeadStats()
2026-08-20T14:45:07.802+05:30  INFO 20828 --- [Kunash-CRM] [http-nio-9090-exec-2] com.crm.controller.StaffController       : GET /api/v1/staff/dropdown — request received
2026-08-20T14:45:07.802+05:30 DEBUG 20828 --- [Kunash-CRM] [http-nio-9090-exec-5] o.s.web.servlet.DispatcherServlet        : Completed 200 OK
2026-08-20T14:45:07.802+05:30  INFO 20828 --- [Kunash-CRM] [http-nio-9090-exec-9] com.crm.controller.StatCardController    : GET /api/stat/v1/lead-stats — fetch dashboard stat card counts
2026-08-20T14:45:07.804+05:30  INFO 20828 --- [Kunash-CRM] [http-nio-9090-exec-9] c.c.s.serviceImple.StatCardServiceImple  : Fetching lead stat card counts
2026-08-20T14:45:07.806+05:30 DEBUG 20828 --- [Kunash-CRM] [http-nio-9090-exec-3] o.s.w.s.m.m.a.HttpEntityMethodProcessor  : Using 'application/json', given [*/*] and supported [application/json, application/*+json]
2026-08-20T14:45:07.807+05:30 DEBUG 20828 --- [Kunash-CRM] [http-nio-9090-exec-3] o.s.w.s.m.m.a.HttpEntityMethodProcessor  : Writing [[com.crm.dto.stats.MonthlyLeadCountDto@7d360056, com.crm.dto.stats.MonthlyLeadCountDto@42ae440c, com (truncated)...]
2026-08-20T14:45:07.807+05:30  INFO 20828 --- [Kunash-CRM] [http-nio-9090-exec-2] com.crm.controller.StaffController       : GET /api/v1/staff/dropdown — completed, count=1
2026-08-20T14:45:07.807+05:30 DEBUG 20828 --- [Kunash-CRM] [http-nio-9090-exec-2] o.s.w.s.m.m.a.HttpEntityMethodProcessor  : Using 'application/json', given [*/*] and supported [application/json, application/*+json]
2026-08-20T14:45:07.809+05:30 DEBUG 20828 --- [Kunash-CRM] [http-nio-9090-exec-2] o.s.w.s.m.m.a.HttpEntityMethodProcessor  : Writing [[com.crm.dto.response.StaffDropdownDto@2392cc16]]
2026-08-20T14:45:07.809+05:30 DEBUG 20828 --- [Kunash-CRM] [http-nio-9090-exec-3] o.s.web.servlet.DispatcherServlet        : Completed 200 OK
2026-08-20T14:45:07.809+05:30 DEBUG 20828 --- [Kunash-CRM] [http-nio-9090-exec-2] o.s.web.servlet.DispatcherServlet        : Completed 200 OK
2026-08-20T14:45:07.828+05:30  INFO 20828 --- [Kunash-CRM] [http-nio-9090-exec-9] c.c.s.serviceImple.StatCardServiceImple  : Lead stats — total=15, todayFollowups=0, totalFollowups=11, won=3, lost=1
2026-08-20T14:45:07.830+05:30 DEBUG 20828 --- [Kunash-CRM] [http-nio-9090-exec-9] o.s.w.s.m.m.a.HttpEntityMethodProcessor  : Using 'application/json', given [*/*] and supported [application/json, application/*+json]
2026-08-20T14:45:07.830+05:30 DEBUG 20828 --- [Kunash-CRM] [http-nio-9090-exec-9] o.s.w.s.m.m.a.HttpEntityMethodProcessor  : Writing [com.crm.dto.stats.LeadStatsResponse@69568e50]
2026-08-20T14:45:07.831+05:30 DEBUG 20828 --- [Kunash-CRM] [http-nio-9090-exec-9] o.s.web.servlet.DispatcherServlet        : Completed 200 OK
2026-08-20T14:45:07.881+05:30 DEBUG 20828 --- [Kunash-CRM] [http-nio-9090-exec-10] o.s.w.s.m.m.a.HttpEntityMethodProcessor  : Using 'application/json', given [*/*] and supported [application/json, application/*+json]
2026-08-20T14:45:07.881+05:30 DEBUG 20828 --- [Kunash-CRM] [http-nio-9090-exec-10] o.s.w.s.m.m.a.HttpEntityMethodProcessor  : Writing [Page 1 of 1 containing com.crm.dto.response.LeadResponseDto instances]
2026-08-20T14:45:07.884+05:30 DEBUG 20828 --- [Kunash-CRM] [http-nio-9090-exec-10] o.s.web.servlet.DispatcherServlet        : Completed 200 OK
2026-08-20T14:45:07.887+05:30 DEBUG 20828 --- [Kunash-CRM] [http-nio-9090-exec-8] o.s.web.servlet.DispatcherServlet        : GET "/api/lead/v1/all-leads?page=0&size=200", parameters={masked}
2026-08-20T14:45:07.887+05:30 DEBUG 20828 --- [Kunash-CRM] [http-nio-9090-exec-8] s.w.s.m.m.a.RequestMappingHandlerMapping : Mapped to com.crm.controller.LeadController#getAllLeads(int, int)
2026-08-20T14:45:07.938+05:30 DEBUG 20828 --- [Kunash-CRM] [http-nio-9090-exec-8] o.s.w.s.m.m.a.HttpEntityMethodProcessor  : Using 'application/json', given [*/*] and supported [application/json, application/*+json]
2026-08-20T14:45:07.946+05:30 DEBUG 20828 --- [Kunash-CRM] [http-nio-9090-exec-8] o.s.w.s.m.m.a.HttpEntityMethodProcessor  : Writing [Page 1 of 1 containing com.crm.dto.response.LeadResponseDto instances]
2026-08-20T14:45:07.947+05:30 DEBUG 20828 --- [Kunash-CRM] [http-nio-9090-exec-8] o.s.web.servlet.DispatcherServlet        : Completed 200 OK
2026-08-20T15:36:12.319+05:30  INFO 20828 --- [Kunash-CRM] [http-nio-9090-exec-3] com.crm.security.JwtUtil                 : JWT token successfully validated for user: 8317289305
2026-08-20T15:36:12.322+05:30  INFO 20828 --- [Kunash-CRM] [http-nio-9090-exec-3] c.crm.security.JwtAuthenticationFilter   : Successfully authenticated user: 8317289305 via JWT
2026-08-20T15:36:12.323+05:30 DEBUG 20828 --- [Kunash-CRM] [http-nio-9090-exec-3] o.s.web.servlet.DispatcherServlet        : POST "/api/admin/auth/logout", parameters={}
2026-08-20T15:36:12.324+05:30 DEBUG 20828 --- [Kunash-CRM] [http-nio-9090-exec-3] s.w.s.m.m.a.RequestMappingHandlerMapping : Mapped to com.crm.security.AuthController#logout(HttpServletResponse)
2026-08-20T15:36:12.326+05:30  INFO 20828 --- [Kunash-CRM] [http-nio-9090-exec-3] com.crm.security.AuthController          : Logout request received - clearing auth cookies
2026-08-20T15:36:12.328+05:30  INFO 20828 --- [Kunash-CRM] [http-nio-9090-exec-3] com.crm.security.AuthController          : Logout successful - cookies cleared
2026-08-20T15:36:12.329+05:30 DEBUG 20828 --- [Kunash-CRM] [http-nio-9090-exec-3] o.s.w.s.m.m.a.HttpEntityMethodProcessor  : Using 'application/json', given [application/json, text/plain, */*] and supported [application/json, application/*+json]
2026-08-20T15:36:12.332+05:30 DEBUG 20828 --- [Kunash-CRM] [http-nio-9090-exec-3] o.s.w.s.m.m.a.HttpEntityMethodProcessor  : Writing [{message=Logged out successfully}]
2026-08-20T15:36:12.339+05:30 DEBUG 20828 --- [Kunash-CRM] [http-nio-9090-exec-3] o.s.web.servlet.DispatcherServlet        : Completed 200 OK
2026-08-20T15:36:32.989+05:30 DEBUG 20828 --- [Kunash-CRM] [http-nio-9090-exec-9] o.s.web.servlet.DispatcherServlet        : POST "/api/admin/auth/login", parameters={}
2026-08-20T15:36:32.990+05:30 DEBUG 20828 --- [Kunash-CRM] [http-nio-9090-exec-9] s.w.s.m.m.a.RequestMappingHandlerMapping : Mapped to com.crm.security.AuthController#login(Map, HttpServletResponse)
2026-08-20T15:36:32.992+05:30 DEBUG 20828 --- [Kunash-CRM] [http-nio-9090-exec-9] m.m.a.RequestResponseBodyMethodProcessor : Read "application/json;charset=UTF-8" to [{mobile=8317289305, password=123456}]
2026-08-20T15:36:32.994+05:30  INFO 20828 --- [Kunash-CRM] [http-nio-9090-exec-9] com.crm.security.AuthController          : Login attempt for mobile: 8317289305
2026-08-20T15:36:33.073+05:30  INFO 20828 --- [Kunash-CRM] [http-nio-9090-exec-9] com.crm.security.JwtUtil                 : Generated access token for user: 8317289305 | expires at Fri Aug 21 15:36:33 IST 2026
2026-08-20T15:36:33.077+05:30  INFO 20828 --- [Kunash-CRM] [http-nio-9090-exec-9] com.crm.security.JwtUtil                 : Generated refresh token for user: 8317289305 | expires at Thu Aug 27 15:36:33 IST 2026
2026-08-20T15:36:33.077+05:30  INFO 20828 --- [Kunash-CRM] [http-nio-9090-exec-9] com.crm.security.AuthController          : Login successful for mobile: 8317289305 | Cookies set (secure=false)
2026-08-20T15:36:33.079+05:30 DEBUG 20828 --- [Kunash-CRM] [http-nio-9090-exec-9] o.s.w.s.m.m.a.HttpEntityMethodProcessor  : Using 'application/json', given [application/json, text/plain, */*] and supported [application/json, application/*+json]
2026-08-20T15:36:33.079+05:30 DEBUG 20828 --- [Kunash-CRM] [http-nio-9090-exec-9] o.s.w.s.m.m.a.HttpEntityMethodProcessor  : Writing [{adminId=ADM8719, mobile=8317289305, message=Login successful, role=SUPER_ADMIN}]
2026-08-20T15:36:33.080+05:30 DEBUG 20828 --- [Kunash-CRM] [http-nio-9090-exec-9] o.s.web.servlet.DispatcherServlet        : Completed 200 OK
2026-08-20T15:36:33.258+05:30 DEBUG 20828 --- [Kunash-CRM] [http-nio-9090-exec-10] o.s.web.servlet.DispatcherServlet        : GET "/api/lead/v1/all-leads?page=0&size=200", parameters={masked}
2026-08-20T15:36:33.259+05:30 DEBUG 20828 --- [Kunash-CRM] [http-nio-9090-exec-10] s.w.s.m.m.a.RequestMappingHandlerMapping : Mapped to com.crm.controller.LeadController#getAllLeads(int, int)
2026-08-20T15:36:33.259+05:30 DEBUG 20828 --- [Kunash-CRM] [http-nio-9090-exec-8] o.s.web.servlet.DispatcherServlet        : GET "/api/v1/staff/dropdown", parameters={}
2026-08-20T15:36:33.259+05:30 DEBUG 20828 --- [Kunash-CRM] [http-nio-9090-exec-8] s.w.s.m.m.a.RequestMappingHandlerMapping : Mapped to com.crm.controller.StaffController#getStaffDropdownList()
2026-08-20T15:36:33.265+05:30 DEBUG 20828 --- [Kunash-CRM] [http-nio-9090-exec-7] o.s.web.servlet.DispatcherServlet        : GET "/api/stat/v1/lead-stats", parameters={}
2026-08-20T15:36:33.265+05:30 DEBUG 20828 --- [Kunash-CRM] [http-nio-9090-exec-7] s.w.s.m.m.a.RequestMappingHandlerMapping : Mapped to com.crm.controller.StatCardController#getLeadStats()
2026-08-20T15:36:33.265+05:30  INFO 20828 --- [Kunash-CRM] [http-nio-9090-exec-7] com.crm.controller.StatCardController    : GET /api/stat/v1/lead-stats — fetch dashboard stat card counts
2026-08-20T15:36:33.266+05:30 DEBUG 20828 --- [Kunash-CRM] [http-nio-9090-exec-1] o.s.web.servlet.DispatcherServlet        : GET "/api/lead/v1/monthly-count?monthsBack=6", parameters={masked}
2026-08-20T15:36:33.266+05:30  INFO 20828 --- [Kunash-CRM] [http-nio-9090-exec-7] c.c.s.serviceImple.StatCardServiceImple  : Fetching lead stat card counts
2026-08-20T15:36:33.266+05:30 DEBUG 20828 --- [Kunash-CRM] [http-nio-9090-exec-1] s.w.s.m.m.a.RequestMappingHandlerMapping : Mapped to com.crm.controller.LeadController#getMonthlyLeadCounts(int)
2026-08-20T15:36:33.286+05:30  INFO 20828 --- [Kunash-CRM] [http-nio-9090-exec-8] com.crm.controller.StaffController       : GET /api/v1/staff/dropdown — request received
2026-08-20T15:36:33.290+05:30 DEBUG 20828 --- [Kunash-CRM] [http-nio-9090-exec-4] o.s.web.servlet.DispatcherServlet        : GET "/api/lead/v1/all-leads?page=0&size=200", parameters={masked}
2026-08-20T15:36:33.291+05:30 DEBUG 20828 --- [Kunash-CRM] [http-nio-9090-exec-4] s.w.s.m.m.a.RequestMappingHandlerMapping : Mapped to com.crm.controller.LeadController#getAllLeads(int, int)
2026-08-20T15:36:33.292+05:30 DEBUG 20828 --- [Kunash-CRM] [http-nio-9090-exec-5] o.s.web.servlet.DispatcherServlet        : GET "/api/v1/staff/dropdown", parameters={}
2026-08-20T15:36:33.293+05:30 DEBUG 20828 --- [Kunash-CRM] [http-nio-9090-exec-5] s.w.s.m.m.a.RequestMappingHandlerMapping : Mapped to com.crm.controller.StaffController#getStaffDropdownList()
2026-08-20T15:36:33.296+05:30  INFO 20828 --- [Kunash-CRM] [http-nio-9090-exec-8] com.crm.controller.StaffController       : GET /api/v1/staff/dropdown — completed, count=1
2026-08-20T15:36:33.296+05:30 DEBUG 20828 --- [Kunash-CRM] [http-nio-9090-exec-8] o.s.w.s.m.m.a.HttpEntityMethodProcessor  : Using 'application/json', given [*/*] and supported [application/json, application/*+json]
2026-08-20T15:36:33.297+05:30 DEBUG 20828 --- [Kunash-CRM] [http-nio-9090-exec-8] o.s.w.s.m.m.a.HttpEntityMethodProcessor  : Writing [[com.crm.dto.response.StaffDropdownDto@439fabf5]]
2026-08-20T15:36:33.298+05:30  INFO 20828 --- [Kunash-CRM] [http-nio-9090-exec-7] c.c.s.serviceImple.StatCardServiceImple  : Lead stats — total=15, todayFollowups=0, totalFollowups=11, won=3, lost=1
2026-08-20T15:36:33.299+05:30 DEBUG 20828 --- [Kunash-CRM] [http-nio-9090-exec-7] o.s.w.s.m.m.a.HttpEntityMethodProcessor  : Using 'application/json', given [*/*] and supported [application/json, application/*+json]
2026-08-20T15:36:33.301+05:30 DEBUG 20828 --- [Kunash-CRM] [http-nio-9090-exec-7] o.s.w.s.m.m.a.HttpEntityMethodProcessor  : Writing [com.crm.dto.stats.LeadStatsResponse@6f5d8b85]
2026-08-20T15:36:33.292+05:30 DEBUG 20828 --- [Kunash-CRM] [http-nio-9090-exec-1] o.s.w.s.m.m.a.HttpEntityMethodProcessor  : Using 'application/json', given [*/*] and supported [application/json, application/*+json]
2026-08-20T15:36:33.303+05:30  INFO 20828 --- [Kunash-CRM] [http-nio-9090-exec-5] com.crm.controller.StaffController       : GET /api/v1/staff/dropdown — request received
2026-08-20T15:36:33.303+05:30 DEBUG 20828 --- [Kunash-CRM] [http-nio-9090-exec-1] o.s.w.s.m.m.a.HttpEntityMethodProcessor  : Writing [[com.crm.dto.stats.MonthlyLeadCountDto@1f5f73e2, com.crm.dto.stats.MonthlyLeadCountDto@79e4d4b, com. (truncated)...]
2026-08-20T15:36:33.313+05:30  INFO 20828 --- [Kunash-CRM] [http-nio-9090-exec-5] com.crm.controller.StaffController       : GET /api/v1/staff/dropdown — completed, count=1
2026-08-20T15:36:33.310+05:30 DEBUG 20828 --- [Kunash-CRM] [http-nio-9090-exec-8] o.s.web.servlet.DispatcherServlet        : Completed 200 OK
2026-08-20T15:36:33.314+05:30 DEBUG 20828 --- [Kunash-CRM] [http-nio-9090-exec-5] o.s.w.s.m.m.a.HttpEntityMethodProcessor  : Using 'application/json', given [*/*] and supported [application/json, application/*+json]
2026-08-20T15:36:33.316+05:30 DEBUG 20828 --- [Kunash-CRM] [http-nio-9090-exec-5] o.s.w.s.m.m.a.HttpEntityMethodProcessor  : Writing [[com.crm.dto.response.StaffDropdownDto@70ae0b53]]
2026-08-20T15:36:33.319+05:30 DEBUG 20828 --- [Kunash-CRM] [http-nio-9090-exec-7] o.s.web.servlet.DispatcherServlet        : Completed 200 OK
2026-08-20T15:36:33.321+05:30 DEBUG 20828 --- [Kunash-CRM] [http-nio-9090-exec-1] o.s.web.servlet.DispatcherServlet        : Completed 200 OK
2026-08-20T15:36:33.332+05:30 DEBUG 20828 --- [Kunash-CRM] [http-nio-9090-exec-6] o.s.web.servlet.DispatcherServlet        : GET "/api/lead/v1/monthly-count?monthsBack=6", parameters={masked}
2026-08-20T15:36:33.332+05:30 DEBUG 20828 --- [Kunash-CRM] [http-nio-9090-exec-8] o.s.web.servlet.DispatcherServlet        : GET "/api/stat/v1/lead-stats", parameters={}
2026-08-20T15:36:33.333+05:30 DEBUG 20828 --- [Kunash-CRM] [http-nio-9090-exec-6] s.w.s.m.m.a.RequestMappingHandlerMapping : Mapped to com.crm.controller.LeadController#getMonthlyLeadCounts(int)
2026-08-20T15:36:33.337+05:30 DEBUG 20828 --- [Kunash-CRM] [http-nio-9090-exec-6] o.s.w.s.m.m.a.HttpEntityMethodProcessor  : Using 'application/json', given [*/*] and supported [application/json, application/*+json]
2026-08-20T15:36:33.337+05:30 DEBUG 20828 --- [Kunash-CRM] [http-nio-9090-exec-5] o.s.web.servlet.DispatcherServlet        : Completed 200 OK
2026-08-20T15:36:33.338+05:30 DEBUG 20828 --- [Kunash-CRM] [http-nio-9090-exec-6] o.s.w.s.m.m.a.HttpEntityMethodProcessor  : Writing [[com.crm.dto.stats.MonthlyLeadCountDto@301421ff, com.crm.dto.stats.MonthlyLeadCountDto@3c56a825, com (truncated)...]
2026-08-20T15:36:33.340+05:30 DEBUG 20828 --- [Kunash-CRM] [http-nio-9090-exec-6] o.s.web.servlet.DispatcherServlet        : Completed 200 OK
2026-08-20T15:36:33.333+05:30 DEBUG 20828 --- [Kunash-CRM] [http-nio-9090-exec-8] s.w.s.m.m.a.RequestMappingHandlerMapping : Mapped to com.crm.controller.StatCardController#getLeadStats()
2026-08-20T15:36:33.342+05:30  INFO 20828 --- [Kunash-CRM] [http-nio-9090-exec-8] com.crm.controller.StatCardController    : GET /api/stat/v1/lead-stats — fetch dashboard stat card counts
2026-08-20T15:36:33.342+05:30  INFO 20828 --- [Kunash-CRM] [http-nio-9090-exec-8] c.c.s.serviceImple.StatCardServiceImple  : Fetching lead stat card counts
2026-08-20T15:36:33.363+05:30  INFO 20828 --- [Kunash-CRM] [http-nio-9090-exec-8] c.c.s.serviceImple.StatCardServiceImple  : Lead stats — total=15, todayFollowups=0, totalFollowups=11, won=3, lost=1
2026-08-20T15:36:33.369+05:30 DEBUG 20828 --- [Kunash-CRM] [http-nio-9090-exec-8] o.s.w.s.m.m.a.HttpEntityMethodProcessor  : Using 'application/json', given [*/*] and supported [application/json, application/*+json]
2026-08-20T15:36:33.372+05:30 DEBUG 20828 --- [Kunash-CRM] [http-nio-9090-exec-8] o.s.w.s.m.m.a.HttpEntityMethodProcessor  : Writing [com.crm.dto.stats.LeadStatsResponse@28e87c33]
2026-08-20T15:36:33.381+05:30 DEBUG 20828 --- [Kunash-CRM] [http-nio-9090-exec-8] o.s.web.servlet.DispatcherServlet        : Completed 200 OK
2026-08-20T15:36:33.508+05:30 DEBUG 20828 --- [Kunash-CRM] [http-nio-9090-exec-10] o.s.w.s.m.m.a.HttpEntityMethodProcessor  : Using 'application/json', given [*/*] and supported [application/json, application/*+json]
2026-08-20T15:36:33.509+05:30 DEBUG 20828 --- [Kunash-CRM] [http-nio-9090-exec-10] o.s.w.s.m.m.a.HttpEntityMethodProcessor  : Writing [Page 1 of 1 containing com.crm.dto.response.LeadResponseDto instances]
2026-08-20T15:36:33.509+05:30 DEBUG 20828 --- [Kunash-CRM] [http-nio-9090-exec-4] o.s.w.s.m.m.a.HttpEntityMethodProcessor  : Using 'application/json', given [*/*] and supported [application/json, application/*+json]
2026-08-20T15:36:33.509+05:30 DEBUG 20828 --- [Kunash-CRM] [http-nio-9090-exec-4] o.s.w.s.m.m.a.HttpEntityMethodProcessor  : Writing [Page 1 of 1 containing com.crm.dto.response.LeadResponseDto instances]
2026-08-20T15:36:33.512+05:30 DEBUG 20828 --- [Kunash-CRM] [http-nio-9090-exec-10] o.s.web.servlet.DispatcherServlet        : Completed 200 OK
2026-08-20T15:36:33.521+05:30 DEBUG 20828 --- [Kunash-CRM] [http-nio-9090-exec-4] o.s.web.servlet.DispatcherServlet        : Completed 200 OK
2026-08-20T15:43:14.698+05:30  INFO 20828 --- [Kunash-CRM] [SpringApplicationShutdownHook] o.s.boot.tomcat.GracefulShutdown         : Commencing graceful shutdown. Waiting for active requests to complete
2026-08-20T15:43:14.704+05:30  INFO 20828 --- [Kunash-CRM] [tomcat-shutdown] o.s.boot.tomcat.GracefulShutdown         : Graceful shutdown complete
2026-08-20T15:43:14.714+05:30  INFO 20828 --- [Kunash-CRM] [SpringApplicationShutdownHook] j.LocalContainerEntityManagerFactoryBean : Closing JPA EntityManagerFactory for persistence unit 'default'
2026-08-20T15:43:14.724+05:30  INFO 20828 --- [Kunash-CRM] [SpringApplicationShutdownHook] com.zaxxer.hikari.HikariDataSource       : HikariPool-1 - Shutdown initiated...
2026-08-20T15:43:14.729+05:30  INFO 20828 --- [Kunash-CRM] [SpringApplicationShutdownHook] com.zaxxer.hikari.HikariDataSource       : HikariPool-1 - Shutdown completed.
